diaDanh,YEAR,POP,POOOR
PhườngHạLong,2012,15568,2.22
PhườngTrầnTếXương,2012,13255,2.34
PhườngVịHoàng,2012,7368,2.32
PhườngVịXuyên,2012,10152,1.61
PhườngQuangTrung,2012,10212,2.06
PhườngCửaBắc,2012,14205,2.07
PhườngNguyễnDu,2012,6428,2.23
PhườngBàTriệu,2012,6597,2.16
PhườngTrườngThi,2012,14318,2.08
PhườngPhanĐìnhPhùng,2012,7728,1.85
PhườngNgôQuyền,2012,5048,2.99
PhườngTrầnHưngĐạo,2012,5662,1.55
PhườngĐăngNinh,2012,9405,2.51
PhườngNăngTĩnh,2012,11878,1.86
PhườngVănMiếu,2012,11374,2.03
PhườngTrầnQuangKhải,2012,8602,1.84
PhườngThốngNhất,2012,7855,2.38
PhườngLộcHạ,2012,14138,2.26
PhườngLộcVượng,2012,13409,1.95
PhườngCửaNam,2012,6123,1.88
PhườngLộcHoà,2012,9261,2.59
PhườngMỹXá,2012,8549,2.15
XãNamPhong,2012,15714,3.1
XãLộcAn,2012,6567,2.19
XãNamVân,2012,6432,2.16
ThịtrấnMỹLộc,2012,4859,2.97
XãMỹHà,2012,7428,2.38
XãMỹTiến,2012,5049,1.93
XãMỹThắng,2012,7932,2.1
XãMỹTrung,2012,4984,2.41
XãMỹTân,2012,10399,2.37
XãMỹPhúc,2012,7430,1.48
XãMỹHưng,2012,6267,2.14
XãMỹThuận,2012,6877,2.7
XãMỹThịnh,2012,4016,2.5
XãMỹThành,2012,4245,3.26
ThịtrấnGôi,2012,6707,3.61
XãMinhThuận,2012,8334,5.55
XãHiểnKhánh,2012,7689,5.23
XãTânKhánh,2012,5808,4.59
XãHợpHưng,2012,6030,3.85
XãĐạiAn,2012,7650,4.71
XãTânThành,2012,4660,5.15
XãCộngHòa,2012,5125,4.11
XãTrungThành,2012,5545,3.91
XãQuangTrung,2012,5928,4.34
XãMinhTân,2012,4432,5.15
XãLiênBảo,2012,9828,4.28
XãThànhLợi,2012,15585,4.64
XãKimThái,2012,8554,5.48
XãLiênMinh,2012,8783,5.22
XãĐạiThắng,2012,8980,4.79
XãTamThanh,2012,5128,5.42
XãVĩnhHào,2012,5272,4.74
ThịtrấnLâm,2012,16358,4.26
XãYênTrung,2012,5719,2.91
XãYênThành,2012,3255,4.84
XãYênTân,2012,5444,4.69
XãYênLợi,2012,5607,4.19
XãYênThọ,2012,6693,3.64
XãYênNghĩa,2012,4721,5.84
XãYênMinh,2012,4063,5.9
XãYênPhương,2012,5684,3.44
XãYênChính,2012,6775,4.3
XãYênBình,2012,7384,3.62
XãYênPhú,2012,6788,4.75
XãYênMỹ,2012,5564,2.89
XãYênDương,2012,8178,3.9
XãYênHưng,2012,4185,4.66
XãYênKhánh,2012,5087,4.64
XãYênPhong,2012,6094,4.79
XãYênNinh,2012,10465,5.22
XãYênLương,2012,6654,6.89
XãYênHồng,2012,5688,3.67
XãYênQuang,2012,4409,6.78
XãYênTiến,2012,11803,5.03
XãYênThắng,2012,10972,4.8
XãYênPhúc,2012,7512,4.42
XãYênCường,2012,9181,6.6
XãYênLộc,2012,9882,5.61
XãYênBằng,2012,8646,6.24
XãYênĐồng,2012,11250,4.58
XãYênKhang,2012,5562,2.72
XãYênNhân,2012,9726,3.63
XãYênTrị,2012,11552,6.2
ThịtrấnLiễuĐề,2012,6258,4.49
ThịtrấnRạngĐông,2012,8321,5.58
ThịtrấnQuỹNhất,2012,6102,3.68
XãNghĩaĐồng,2012,5588,5.81
XãNghĩaThịnh,2012,7403,4.97
XãNghĩaMinh,2012,4798,4.39
XãHoàngNam,2012,7840,5.41
XãNghĩaChâu,2012,7583,6.06
XãNghĩaThái,2012,8397,3.76
XãNghĩaTrung,2012,8205,4.92
XãNghĩaSơn,2012,13862,5.05
XãNghĩaLạc,2012,8885,5.25
XãNghĩaHồng,2012,7803,6.28
XãNghĩaPhong,2012,7705,4.47
XãNghĩaPhú,2012,7825,5.34
XãNghĩaTân,2012,5206,4.78
XãNghĩaBình,2012,4205,4.49
XãNghĩaThành,2012,6669,4.8
XãNghĩaLâm,2012,6642,5.1
XãNghĩaHùng,2012,6550,5.79
XãNghĩaHải,2012,14151,6.08
XãPhúcThắng,2012,8528,4.99
XãNghĩaLợi,2012,4627,3.95
XãNamĐiền,2012,5852,5.99
ThịtrấnNamGiang,2012,17390,3.48
XãNamMỹ,2012,6103,2.03
XãĐiềnXá,2012,12027,2.71
XãNghĩaAn,2012,10367,3.58
XãNamThắng,2012,7414,2.16
XãNamToàn,2012,4299,3.69
XãHồngQuang,2012,13480,3.4
XãTânThịnh,2012,10562,3.11
XãNamCường,2012,8601,4.27
XãNamHồng,2012,9180,2.01
XãNamHùng,2012,7081,2.01
XãNamHoa,2012,6210,2.82
XãNamDương,2012,9699,2.39
XãNamThanh,2012,11609,3.01
XãNamLợi,2012,8607,2.59
XãBìnhMinh,2012,10527,3.07
XãĐồngSơn,2012,13929,3.43
XãNamTiến,2012,11205,2.27
XãNamHải,2012,5581,3.13
XãNamThái,2012,8873,2.64
ThịtrấnXuânTrường,2012,7807,6.11
XãXuânChâu,2012,5764,5.64
XãXuânHồng,2012,16064,6.06
XãXuânThành,2012,5089,5.57
XãXuânThượng,2012,3283,6.29
XãXuânPhong,2012,9214,5.38
XãXuânĐài,2012,7027,5.79
XãXuânTân,2012,7153,5.17
XãXuânThuỷ,2012,4731,5.94
XãXuânNgọc,2012,6876,6.09
XãXuânBắc,2012,7085,4.69
XãXuânPhương,2012,5922,6.0
XãThọNghiệp,2012,10718,6.14
XãXuânPhú,2012,9922,5.85
XãXuânTrung,2012,7763,6.06
XãXuânVinh,2012,10753,5.64
XãXuânKiên,2012,7792,5.96
XãXuânTiến,2012,10902,5.92
XãXuânNinh,2012,14095,6.31
XãXuânHoà,2012,8205,6.57
ThịtrấnNgôĐồng,2012,5609,5.7
ThịtrấnQuấtLâm,2012,9043,3.73
XãGiaoHương,2012,7342,5.51
XãHồngThuận,2012,14561,5.04
XãGiaoThiện,2012,9624,4.34
XãGiaoThanh,2012,6143,4.59
XãHoànhSơn,2012,7930,5.1
XãBìnhHoà,2012,7647,5.38
XãGiaoTiến,2012,15902,4.48
XãGiaoHà,2012,9177,5.33
XãGiaoNhân,2012,7339,4.14
XãGiaoAn,2012,9059,4.92
XãGiaoLạc,2012,9560,3.31
XãGiaoChâu,2012,7725,4.28
XãGiaoTân,2012,6702,3.37
XãGiaoYến,2012,7973,4.43
XãGiaoXuân,2012,9298,4.45
XãGiaoThịnh,2012,10525,4.02
XãGiaoHải,2012,6160,4.2
XãBạchLong,2012,7573,4.47
XãGiaoLong,2012,7608,4.73
XãGiaoPhong,2012,6939,3.81
ThịtrấnYênĐịnh,2012,4847,3.87
ThịtrấnCồn,2012,6563,6.11
ThịtrấnThịnhLong,2012,14276,6.56
XãHảiNam,2012,8133,5.43
XãHảiTrung,2012,10806,5.29
XãHảiVân,2012,8484,4.16
XãHảiMinh,2012,14610,4.93
XãHảiAnh,2012,11634,3.91
XãHảiHưng,2012,9852,4.7
XãHảiBắc,2012,5619,4.98
XãHảiPhúc,2012,5622,5.54
XãHảiThanh,2012,5675,5.47
XãHảiHà,2012,5507,5.68
XãHảiLong,2012,6539,5.72
XãHảiPhương,2012,6432,5.49
XãHảiĐường,2012,11233,5.94
XãHảiLộc,2012,6845,3.01
XãHảiQuang,2012,6181,5.65
XãHảiĐông,2012,7479,6.7
XãHảiSơn,2012,8230,4.89
XãHảiTân,2012,6081,5.4
XãHảiPhong,2012,6354,5.65
XãHảiAn,2012,8641,5.17
XãHảiTây,2012,5869,3.36
XãHảiLý,2012,9491,5.2
XãHảiPhú,2012,8217,5.11
XãHảiGiang,2012,5238,5.23
XãHảiCường,2012,6013,5.3
XãHảiNinh,2012,6035,5.44
XãHảiChính,2012,4962,4.82
XãHảiXuân,2012,7587,4.66
XãHảiChâu,2012,6062,5.08
XãHảiTriều,2012,4745,7.18
XãHảiHoà,2012,7874,5.53
ThịtrấnCổLễ,2012,10402,5.1
ThịtrấnCátThành,2012,13778,5.66
ThịtrấnNinhCường,2012,7920,4.87
XãPhươngĐịnh,2012,15702,5.45
XãTrựcChính,2012,14745,6.33
XãTrungĐông,2012,10955,7.19
XãLiêmHải,2012,6082,5.33
XãTrựcTuấn,2012,10505,5.21
XãViệtHùng,2012,7448,5.06
XãTrựcĐạo,2012,5100,4.45
XãTrựcHưng,2012,4953,4.28
XãTrựcNội,2012,5212,4.67
XãTrựcThanh,2012,4523,5.23
XãTrựcKhang,2012,7362,6.89
XãTrựcThuận,2012,4612,6.82
XãTrựcMỹ,2012,11795,3.28
XãTrựcĐại,2012,7688,6.43
XãTrựcCường,2012,7920,5.96
XãTrựcThái,2012,7379,7.03
XãTrựcHùng,2012,9095,5.93
XãTrựcThắng,2012,6924,6.84
PhườngHạLong,2013,15761,2.06
PhườngTrầnTếXương,2013,13351,2.15
PhườngVịHoàng,2013,7401,2.13
PhườngVịXuyên,2013,10400,1.61
PhườngQuangTrung,2013,10479,1.94
PhườngCửaBắc,2013,14360,1.95
PhườngNguyễnDu,2013,6440,2.07
PhườngBàTriệu,2013,6755,2.02
PhườngTrườngThi,2013,14415,1.96
PhườngPhanĐìnhPhùng,2013,7816,1.79
PhườngNgôQuyền,2013,5079,2.64
PhườngTrầnHưngĐạo,2013,5766,1.56
PhườngĐăngNinh,2013,9493,2.28
PhườngNăngTĩnh,2013,11978,1.79
PhườngVănMiếu,2013,11498,1.92
PhườngTrầnQuangKhải,2013,8739,1.78
PhườngThốngNhất,2013,7897,2.18
PhườngLộcHạ,2013,13940,2.09
PhườngLộcVượng,2013,12280,1.86
PhườngCửaNam,2013,6158,1.81
PhườngLộcHoà,2013,9074,2.34
PhườngMỹXá,2013,8580,2.01
XãNamPhong,2013,16777,2.72
XãLộcAn,2013,6744,2.04
XãNamVân,2013,6528,2.02
ThịtrấnMỹLộc,2013,4957,2.62
XãMỹHà,2013,7438,2.18
XãMỹTiến,2013,5056,1.85
XãMỹThắng,2013,7943,1.97
XãMỹTrung,2013,4991,2.21
XãMỹTân,2013,10413,2.18
XãMỹPhúc,2013,7441,1.51
XãMỹHưng,2013,6276,2.01
XãMỹThuận,2013,6886,2.42
XãMỹThịnh,2013,4021,2.28
XãMỹThành,2013,4250,2.85
ThịtrấnGôi,2013,6843,3.11
XãMinhThuận,2013,8348,4.56
XãHiểnKhánh,2013,7702,4.32
XãTânKhánh,2013,5818,3.84
XãHợpHưng,2013,6042,3.29
XãĐạiAn,2013,7665,3.93
XãTânThành,2013,4670,4.26
XãCộngHòa,2013,5137,3.48
XãTrungThành,2013,5555,3.33
XãQuangTrung,2013,5942,3.66
XãMinhTân,2013,4441,4.26
XãLiênBảo,2013,9840,3.61
XãThànhLợi,2013,15559,3.88
XãKimThái,2013,8559,4.51
XãLiênMinh,2013,8790,4.31
XãĐạiThắng,2013,8989,3.99
XãTamThanh,2013,5140,4.46
XãVĩnhHào,2013,5287,3.96
ThịtrấnLâm,2013,16507,3.6
XãYênTrung,2013,5721,2.58
XãYênThành,2013,3260,4.03
XãYênTân,2013,5449,3.92
XãYênLợi,2013,5617,3.54
XãYênThọ,2013,6696,3.13
XãYênNghĩa,2013,4731,4.78
XãYênMinh,2013,4072,4.82
XãYênPhương,2013,5689,2.98
XãYênChính,2013,6782,3.62
XãYênBình,2013,7390,3.12
XãYênPhú,2013,6790,3.96
XãYênMỹ,2013,5572,2.57
XãYênDương,2013,8182,3.32
XãYênHưng,2013,4182,3.9
XãYênKhánh,2013,5090,3.88
XãYênPhong,2013,6079,3.99
XãYênNinh,2013,10472,4.31
XãYênLương,2013,6657,5.56
XãYênHồng,2013,5690,3.15
XãYênQuang,2013,4413,5.48
XãYênTiến,2013,11811,4.17
XãYênThắng,2013,10990,4.0
XãYênPhúc,2013,7516,3.71
XãYênCường,2013,9200,5.35
XãYênLộc,2013,9886,4.6
XãYênBằng,2013,8652,5.08
XãYênĐồng,2013,11264,3.83
XãYênKhang,2013,5566,2.44
XãYênNhân,2013,9731,3.12
XãYênTrị,2013,11624,5.05
ThịtrấnLiễuĐề,2013,6323,3.76
ThịtrấnRạngĐông,2013,8380,4.58
ThịtrấnQuỹNhất,2013,6152,3.16
XãNghĩaĐồng,2013,5584,4.76
XãNghĩaThịnh,2013,7357,4.12
XãNghĩaMinh,2013,4807,3.69
XãHoàngNam,2013,7845,4.46
XãNghĩaChâu,2013,7596,4.95
XãNghĩaThái,2013,8270,3.22
XãNghĩaTrung,2013,8219,4.09
XãNghĩaSơn,2013,13871,4.18
XãNghĩaLạc,2013,8922,4.34
XãNghĩaHồng,2013,7820,5.11
XãNghĩaPhong,2013,7693,3.75
XãNghĩaPhú,2013,7841,4.4
XãNghĩaTân,2013,5214,3.98
XãNghĩaBình,2013,4191,3.77
XãNghĩaThành,2013,6678,4.0
XãNghĩaLâm,2013,6645,4.22
XãNghĩaHùng,2013,6572,4.74
XãNghĩaHải,2013,14126,4.96
XãPhúcThắng,2013,8608,4.14
XãNghĩaLợi,2013,4595,3.36
XãNamĐiền,2013,5917,4.89
ThịtrấnNamGiang,2013,17496,3.01
XãNamMỹ,2013,6117,1.92
XãĐiềnXá,2013,12061,2.43
XãNghĩaAn,2013,10392,3.09
XãNamThắng,2013,7431,2.02
XãNamToàn,2013,4303,3.17
XãHồngQuang,2013,13541,2.94
XãTânThịnh,2013,10583,2.73
XãNamCường,2013,8614,3.6
XãNamHồng,2013,9197,1.9
XãNamHùng,2013,7004,1.9
XãNamHoa,2013,6213,2.51
XãNamDương,2013,9713,2.19
XãNamThanh,2013,11638,2.66
XãNamLợi,2013,8618,2.34
XãBìnhMinh,2013,10552,2.7
XãĐồngSơn,2013,13971,2.97
XãNamTiến,2013,11234,2.1
XãNamHải,2013,5608,2.75
XãNamThái,2013,8894,2.38
ThịtrấnXuânTrường,2013,7895,4.98
XãXuânChâu,2013,5760,4.63
XãXuânHồng,2013,16150,4.94
XãXuânThành,2013,5025,4.57
XãXuânThượng,2013,3230,5.11
XãXuânPhong,2013,9178,4.43
XãXuânĐài,2013,6980,4.74
XãXuânTân,2013,7336,4.28
XãXuânThuỷ,2013,4680,4.85
XãXuânNgọc,2013,6930,4.97
XãXuânBắc,2013,7050,3.92
XãXuânPhương,2013,5935,4.9
XãThọNghiệp,2013,10760,5.0
XãXuânPhú,2013,9907,4.79
XãXuânTrung,2013,7769,4.94
XãXuânVinh,2013,10740,4.63
XãXuânKiên,2013,7802,4.87
XãXuânTiến,2013,10930,4.84
XãXuânNinh,2013,14158,5.13
XãXuânHoà,2013,8265,5.33
ThịtrấnNgôĐồng,2013,5807,4.67
ThịtrấnQuấtLâm,2013,9243,3.19
XãGiaoHương,2013,7439,4.53
XãHồngThuận,2013,14582,4.18
XãGiaoThiện,2013,9681,3.65
XãGiaoThanh,2013,6236,3.84
XãHoànhSơn,2013,8011,4.22
XãBìnhHoà,2013,7741,4.43
XãGiaoTiến,2013,16026,3.76
XãGiaoHà,2013,8455,4.4
XãGiaoNhân,2013,7374,3.5
XãGiaoAn,2013,9048,4.09
XãGiaoLạc,2013,9645,2.88
XãGiaoChâu,2013,7772,3.61
XãGiaoTân,2013,6851,2.93
XãGiaoYến,2013,7960,3.72
XãGiaoXuân,2013,9368,3.74
XãGiaoThịnh,2013,10586,3.41
XãGiaoHải,2013,6151,3.55
XãBạchLong,2013,7115,3.75
XãGiaoLong,2013,7635,3.95
XãGiaoPhong,2013,6983,3.26
ThịtrấnYênĐịnh,2013,5008,3.3
ThịtrấnCồn,2013,6661,4.98
ThịtrấnThịnhLong,2013,14216,5.32
XãHảiNam,2013,8142,4.47
XãHảiTrung,2013,10819,4.37
XãHảiVân,2013,8493,3.52
XãHảiMinh,2013,14618,4.1
XãHảiAnh,2013,11648,3.33
XãHảiHưng,2013,9866,3.92
XãHảiBắc,2013,5626,4.13
XãHảiPhúc,2013,5629,4.55
XãHảiThanh,2013,5681,4.5
XãHảiHà,2013,5513,4.66
XãHảiLong,2013,6547,4.69
XãHảiPhương,2013,6440,4.52
XãHảiĐường,2013,11245,4.85
XãHảiLộc,2013,6852,2.66
XãHảiQuang,2013,6188,4.63
XãHảiĐông,2013,7487,5.42
XãHảiSơn,2013,8239,4.07
XãHảiTân,2013,6087,4.45
XãHảiPhong,2013,6361,4.64
XãHảiAn,2013,8651,4.27
XãHảiTây,2013,5876,2.92
XãHảiLý,2013,9505,4.3
XãHảiPhú,2013,8226,4.23
XãHảiGiang,2013,5244,4.32
XãHảiCường,2013,6019,4.38
XãHảiNinh,2013,6041,4.48
XãHảiChính,2013,4968,4.02
XãHảiXuân,2013,7596,3.9
XãHảiChâu,2013,6068,4.21
XãHảiTriều,2013,4750,5.78
XãHảiHoà,2013,7883,4.54
ThịtrấnCổLễ,2013,10417,4.22
ThịtrấnCátThành,2013,13797,4.64
ThịtrấnNinhCường,2013,7931,4.05
XãPhươngĐịnh,2013,15724,4.49
XãTrựcChính,2013,14765,5.15
XãTrungĐông,2013,10970,5.79
XãLiêmHải,2013,6090,4.4
XãTrựcTuấn,2013,10520,4.3
XãViệtHùng,2013,7458,4.19
XãTrựcĐạo,2013,5107,3.74
XãTrựcHưng,2013,4960,3.61
XãTrựcNội,2013,5219,3.9
XãTrựcThanh,2013,4529,4.32
XãTrựcKhang,2013,7372,5.57
XãTrựcThuận,2013,4618,5.51
XãTrựcMỹ,2013,11811,2.86
XãTrựcĐại,2013,7699,5.22
XãTrựcCường,2013,7931,4.87
XãTrựcThái,2013,7389,5.67
XãTrựcHùng,2013,9108,4.84
XãTrựcThắng,2013,6934,5.53
PhườngHạLong,2014,15948,1.91
PhườngTrầnTếXương,2014,13443,1.97
PhườngVịHoàng,2014,7435,1.95
PhườngVịXuyên,2014,10593,1.6
PhườngQuangTrung,2014,10737,1.83
PhườngCửaBắc,2014,14501,1.83
PhườngNguyễnDu,2014,6455,1.91
PhườngBàTriệu,2014,6899,1.88
PhườngTrườngThi,2014,14647,1.84
PhườngPhanĐìnhPhùng,2014,7888,1.72
PhườngNgôQuyền,2014,5107,2.29
PhườngTrầnHưngĐạo,2014,5867,1.57
PhườngĐăngNinh,2014,9576,2.05
PhườngNăngTĩnh,2014,12069,1.73
PhườngVănMiếu,2014,11566,1.81
PhườngTrầnQuangKhải,2014,8851,1.72
PhườngThốngNhất,2014,7940,1.99
PhườngLộcHạ,2014,13742,1.93
PhườngLộcVượng,2014,11584,1.77
PhườngCửaNam,2014,6188,1.73
PhườngLộcHoà,2014,9270,2.09
PhườngMỹXá,2014,8719,1.87
XãNamPhong,2014,17107,2.35
XãLộcAn,2014,7051,1.89
XãNamVân,2014,6682,1.87
ThịtrấnMỹLộc,2014,5089,2.28
XãMỹHà,2014,7452,1.99
XãMỹTiến,2014,5068,1.76
XãMỹThắng,2014,7958,1.85
XãMỹTrung,2014,5002,2.0
XãMỹTân,2014,10431,1.98
XãMỹPhúc,2014,7456,1.53
XãMỹHưng,2014,6289,1.87
XãMỹThuận,2014,6899,2.15
XãMỹThịnh,2014,4030,2.05
XãMỹThành,2014,4259,2.43
ThịtrấnGôi,2014,6972,2.6
XãMinhThuận,2014,8359,3.57
XãHiểnKhánh,2014,7709,3.41
XãTânKhánh,2014,5822,3.09
XãHợpHưng,2014,6048,2.72
XãĐạiAn,2014,7673,3.15
XãTânThành,2014,4673,3.37
XãCộngHòa,2014,5141,2.85
XãTrungThành,2014,5559,2.75
XãQuangTrung,2014,5947,2.97
XãMinhTân,2014,4443,3.37
XãLiênBảo,2014,9838,2.94
XãThànhLợi,2014,15580,3.12
XãKimThái,2014,8567,3.54
XãLiênMinh,2014,8798,3.41
XãĐạiThắng,2014,9001,3.19
XãTamThanh,2014,5147,3.51
XãVĩnhHào,2014,5291,3.17
ThịtrấnLâm,2014,16786,2.93
XãYênTrung,2014,5731,2.25
XãYênThành,2014,3266,3.22
XãYênTân,2014,5458,3.14
XãYênLợi,2014,5627,2.89
XãYênThọ,2014,6708,2.61
XãYênNghĩa,2014,4739,3.72
XãYênMinh,2014,4079,3.75
XãYênPhương,2014,5699,2.52
XãYênChính,2014,6794,2.95
XãYênBình,2014,7403,2.61
XãYênPhú,2014,6802,3.17
XãYênMỹ,2014,5582,2.24
XãYênDương,2014,8196,2.74
XãYênHưng,2014,4189,3.13
XãYênKhánh,2014,5099,3.12
XãYênPhong,2014,6090,3.19
XãYênNinh,2014,10490,3.41
XãYênLương,2014,6669,4.24
XãYênHồng,2014,5700,2.63
XãYênQuang,2014,4421,4.19
XãYênTiến,2014,11831,3.31
XãYênThắng,2014,11009,3.2
XãYênPhúc,2014,7529,3.0
XãYênCường,2014,9216,4.09
XãYênLộc,2014,9903,3.6
XãYênBằng,2014,8667,3.92
XãYênĐồng,2014,11284,3.09
XãYênKhang,2014,5576,2.16
XãYênNhân,2014,9748,2.61
XãYênTrị,2014,11641,3.9
ThịtrấnLiễuĐề,2014,6382,3.04
ThịtrấnRạngĐông,2014,8392,3.59
ThịtrấnQuỹNhất,2014,6206,2.64
XãNghĩaĐồng,2014,5591,3.7
XãNghĩaThịnh,2014,7312,3.28
XãNghĩaMinh,2014,4813,2.99
XãHoàngNam,2014,7853,3.5
XãNghĩaChâu,2014,7578,3.83
XãNghĩaThái,2014,8302,2.67
XãNghĩaTrung,2014,8221,3.26
XãNghĩaSơn,2014,13907,3.32
XãNghĩaLạc,2014,8941,3.42
XãNghĩaHồng,2014,7819,3.94
XãNghĩaPhong,2014,7679,3.03
XãNghĩaPhú,2014,7820,3.46
XãNghĩaTân,2014,5223,3.19
XãNghĩaBình,2014,4183,3.04
XãNghĩaThành,2014,6644,3.2
XãNghĩaLâm,2014,6639,3.35
XãNghĩaHùng,2014,6574,3.69
XãNghĩaHải,2014,14170,3.84
XãPhúcThắng,2014,8653,3.29
XãNghĩaLợi,2014,4554,2.77
XãNamĐiền,2014,6017,3.79
ThịtrấnNamGiang,2014,17646,2.54
XãNamMỹ,2014,6131,1.81
XãĐiềnXá,2014,12086,2.15
XãNghĩaAn,2014,10415,2.59
XãNamThắng,2014,7443,1.88
XãNamToàn,2014,4315,2.64
XãHồngQuang,2014,13571,2.49
XãTânThịnh,2014,10605,2.35
XãNamCường,2014,8634,2.93
XãNamHồng,2014,9218,1.8
XãNamHùng,2014,7019,1.8
XãNamHoa,2014,6227,2.2
XãNamDương,2014,9734,1.99
XãNamThanh,2014,11664,2.3
XãNamLợi,2014,8638,2.09
XãBìnhMinh,2014,10575,2.33
XãĐồngSơn,2014,13985,2.51
XãNamTiến,2014,11254,1.93
XãNamHải,2014,5624,2.36
XãNamThái,2014,8907,2.12
ThịtrấnXuânTrường,2014,7959,3.85
XãXuânChâu,2014,5778,3.62
XãXuânHồng,2014,16271,3.83
XãXuânThành,2014,4991,3.58
XãXuânThượng,2014,3164,3.94
XãXuânPhong,2014,9172,3.48
XãXuânĐài,2014,6944,3.69
XãXuânTân,2014,7455,3.38
XãXuânThuỷ,2014,4642,3.77
XãXuânNgọc,2014,6986,3.84
XãXuânBắc,2014,7055,3.14
XãXuânPhương,2014,5988,3.8
XãThọNghiệp,2014,10792,3.87
XãXuânPhú,2014,9909,3.72
XãXuânTrung,2014,7759,3.83
XãXuânVinh,2014,10765,3.62
XãXuânKiên,2014,7513,3.78
XãXuânTiến,2014,11010,3.76
XãXuânNinh,2014,14258,3.95
XãXuânHoà,2014,8316,4.08
ThịtrấnNgôĐồng,2014,5812,3.65
ThịtrấnQuấtLâm,2014,9248,2.66
XãGiaoHương,2014,7445,3.55
XãHồngThuận,2014,14587,3.32
XãGiaoThiện,2014,9685,2.96
XãGiaoThanh,2014,6241,3.09
XãHoànhSơn,2014,8140,3.34
XãBìnhHoà,2014,7743,3.49
XãGiaoTiến,2014,16025,3.04
XãGiaoHà,2014,8460,3.46
XãGiaoNhân,2014,7379,2.87
XãGiaoAn,2014,9053,3.26
XãGiaoLạc,2014,9650,2.45
XãGiaoChâu,2014,7776,2.94
XãGiaoTân,2014,6856,2.48
XãGiaoYến,2014,7963,3.01
XãGiaoXuân,2014,9373,3.02
XãGiaoThịnh,2014,10595,2.81
XãGiaoHải,2014,6156,2.9
XãBạchLong,2014,7120,3.03
XãGiaoLong,2014,7640,3.16
XãGiaoPhong,2014,6989,2.7
ThịtrấnYênĐịnh,2014,5011,2.73
ThịtrấnCồn,2014,6677,3.85
ThịtrấnThịnhLong,2014,14259,4.08
XãHảiNam,2014,8166,3.51
XãHảiTrung,2014,10850,3.44
XãHảiVân,2014,8518,2.88
XãHảiMinh,2014,14661,3.26
XãHảiAnh,2014,11682,2.75
XãHảiHưng,2014,9892,3.15
XãHảiBắc,2014,5642,3.29
XãHảiPhúc,2014,5645,3.57
XãHảiThanh,2014,5698,3.53
XãHảiHà,2014,5529,3.64
XãHảiLong,2014,6566,3.66
XãHảiPhương,2014,6459,3.54
XãHảiĐường,2014,11278,3.77
XãHảiLộc,2014,6872,2.3
XãHảiQuang,2014,6206,3.62
XãHảiĐông,2014,7509,4.15
XãHảiSơn,2014,8263,3.24
XãHảiTân,2014,6105,3.5
XãHảiPhong,2014,6380,3.62
XãHảiAn,2014,8676,3.38
XãHảiTây,2014,5893,2.48
XãHảiLý,2014,9530,3.4
XãHảiPhú,2014,8250,3.35
XãHảiGiang,2014,5259,3.41
XãHảiCường,2014,6037,3.45
XãHảiNinh,2014,6059,3.51
XãHảiChính,2014,4982,3.21
XãHảiXuân,2014,7618,3.13
XãHảiChâu,2014,6086,3.34
XãHảiTriều,2014,4764,4.39
XãHảiHoà,2014,7906,3.56
ThịtrấnCổLễ,2014,10437,3.35
ThịtrấnCátThành,2014,13820,3.63
ThịtrấnNinhCường,2014,7948,3.23
XãPhươngĐịnh,2014,15752,3.52
XãTrựcChính,2014,14790,3.96
XãTrungĐông,2014,10990,4.39
XãLiêmHải,2014,6101,3.46
XãTrựcTuấn,2014,10540,3.4
XãViệtHùng,2014,7475,3.33
XãTrựcĐạo,2014,5119,3.02
XãTrựcHưng,2014,4971,2.94
XãTrựcNội,2014,5229,3.13
XãTrựcThanh,2014,4541,3.41
XãTrựcKhang,2014,7387,4.24
XãTrựcThuận,2014,4631,4.21
XãTrựcMỹ,2014,11836,2.44
XãTrựcĐại,2014,7717,4.01
XãTrựcCường,2014,7948,3.78
XãTrựcThái,2014,7404,4.31
XãTrựcHùng,2014,9122,3.76
XãTrựcThắng,2014,6948,4.22
PhườngHạLong,2015,14830,1.59
PhườngTrầnTếXương,2015,12030,2.01
PhườngVịHoàng,2015,6453,2.61
PhườngVịXuyên,2015,9040,0.86
PhườngQuangTrung,2015,8424,2.17
PhườngCửaBắc,2015,12970,1.89
PhườngNguyễnDu,2015,5043,3.48
PhườngBàTriệu,2015,5009,2.66
PhườngTrườngThi,2015,13211,2.25
PhườngPhanĐìnhPhùng,2015,6517,2.54
PhườngNgôQuyền,2015,4378,3.1
PhườngTrầnHưngĐạo,2015,4897,2.12
PhườngĐăngNinh,2015,7920,3.09
PhườngNăngTĩnh,2015,10113,1.93
PhườngVănMiếu,2015,10983,2.08
PhườngTrầnQuangKhải,2015,9385,1.3
PhườngThốngNhất,2015,7175,1.82
PhườngLộcHạ,2015,12949,1.41
PhườngLộcVượng,2015,17336,1.33
PhườngCửaNam,2015,6010,2.26
PhườngLộcHoà,2015,11260,2.64
PhườngMỹXá,2015,19371,2.6
XãNamPhong,2015,8006,4.65
XãLộcAn,2015,8285,2.08
XãNamVân,2015,6916,2.81
ThịtrấnMỹLộc,2015,4905,3.49
XãMỹHà,2015,7554,3.03
XãMỹTiến,2015,5127,3.18
XãMỹThắng,2015,8275,2.27
XãMỹTrung,2015,5221,2.58
XãMỹTân,2015,10954,2.2
XãMỹPhúc,2015,8197,1.5
XãMỹHưng,2015,6510,2.27
XãMỹThuận,2015,6176,3.09
XãMỹThịnh,2015,4049,2.78
XãMỹThành,2015,4160,3.57
ThịtrấnGôi,2015,6980,4.64
XãMinhThuận,2015,8319,7.33
XãHiểnKhánh,2015,7692,6.36
XãTânKhánh,2015,5772,5.42
XãHợpHưng,2015,6042,5.29
XãĐạiAn,2015,7658,5.57
XãTânThành,2015,4667,6.08
XãCộngHòa,2015,5136,5.04
XãTrungThành,2015,5547,4.83
XãQuangTrung,2015,5935,6.23
XãMinhTân,2015,4433,7.74
XãLiênBảo,2015,9799,5.4
XãThànhLợi,2015,15522,5.4
XãKimThái,2015,8547,7.17
XãLiênMinh,2015,8785,6.46
XãĐạiThắng,2015,8987,6.64
XãTamThanh,2015,5138,6.33
XãVĩnhHào,2015,5283,5.59
ThịtrấnLâm,2015,13758,4.42
XãYênTrung,2015,5552,4.16
XãYênThành,2015,3292,4.4
XãYênTân,2015,5285,5.56
XãYênLợi,2015,5536,6.36
XãYênThọ,2015,6751,4.37
XãYênNghĩa,2015,4556,5.97
XãYênMinh,2015,4106,8.92
XãYênPhương,2015,5621,4.92
XãYênChính,2015,6529,5.98
XãYênBình,2015,7592,5.09
XãYênPhú,2015,7063,6.73
XãYênMỹ,2015,5389,3.92
XãYênDương,2015,8025,6.72
XãYênHưng,2015,4094,6.5
XãYênKhánh,2015,5259,5.49
XãYênPhong,2015,6076,5.98
XãYênNinh,2015,11652,6.44
XãYênLương,2015,6585,11.94
XãYênHồng,2015,5419,5.36
XãYênQuang,2015,4401,11.62
XãYênTiến,2015,11925,5.48
XãYênThắng,2015,10922,7.42
XãYênPhúc,2015,7389,6.22
XãYênCường,2015,8972,10.25
XãYênLộc,2015,8884,9.74
XãYênBằng,2015,8979,8.41
XãYênĐồng,2015,11675,6.13
XãYênKhang,2015,5590,5.4
XãYênNhân,2015,9392,6.3
XãYênTrị,2015,11852,8.65
ThịtrấnLiễuĐề,2015,6825,5.83
ThịtrấnRạngĐông,2015,8333,8.01
ThịtrấnQuỹNhất,2015,5733,6.14
XãNghĩaĐồng,2015,6093,8.46
XãNghĩaThịnh,2015,7619,6.48
XãNghĩaMinh,2015,4824,6.63
XãHoàngNam,2015,7859,8.05
XãNghĩaChâu,2015,7582,7.81
XãNghĩaThái,2015,8207,3.74
XãNghĩaTrung,2015,8226,7.02
XãNghĩaSơn,2015,14121,6.77
XãNghĩaLạc,2015,8557,7.07
XãNghĩaHồng,2015,7902,7.11
XãNghĩaPhong,2015,7286,6.05
XãNghĩaPhú,2015,7525,8.41
XãNghĩaTân,2015,4833,7.89
XãNghĩaBình,2015,4171,6.02
XãNghĩaThành,2015,6145,8.5
XãNghĩaLâm,2015,5936,8.56
XãNghĩaHùng,2015,6087,8.38
XãNghĩaHải,2015,13697,8.43
XãPhúcThắng,2015,8368,7.03
XãNghĩaLợi,2015,4570,7.02
XãNamĐiền,2015,6221,8.27
ThịtrấnNamGiang,2015,17527,3.55
XãNamMỹ,2015,5868,2.82
XãĐiềnXá,2015,11568,2.93
XãNghĩaAn,2015,9985,3.88
XãNamThắng,2015,7194,3.12
XãNamToàn,2015,4174,5.34
XãHồngQuang,2015,12999,5.3
XãTânThịnh,2015,10211,4.24
XãNamCường,2015,8267,5.17
XãNamHồng,2015,8894,2.8
XãNamHùng,2015,6854,3.94
XãNamHoa,2015,5925,3.59
XãNamDương,2015,9331,2.46
XãNamThanh,2015,11166,3.15
XãNamLợi,2015,8332,3.0
XãBìnhMinh,2015,10110,4.42
XãĐồngSơn,2015,13464,4.55
XãNamTiến,2015,10785,3.77
XãNamHải,2015,5423,5.53
XãNamThái,2015,8555,3.95
ThịtrấnXuânTrường,2015,8132,8.07
XãXuânChâu,2015,4716,6.8
XãXuânHồng,2015,14405,8.68
XãXuânThành,2015,5102,7.03
XãXuânThượng,2015,3244,8.45
XãXuânPhong,2015,7932,7.83
XãXuânĐài,2015,5790,8.34
XãXuânTân,2015,6345,6.74
XãXuânThuỷ,2015,3990,8.33
XãXuânNgọc,2015,6892,8.94
XãXuânBắc,2015,6386,6.24
XãXuânPhương,2015,5795,7.94
XãThọNghiệp,2015,10411,8.73
XãXuânPhú,2015,9008,8.63
XãXuânTrung,2015,7371,8.0
XãXuânVinh,2015,10123,7.79
XãXuânKiên,2015,7927,7.27
XãXuânTiến,2015,11636,8.88
XãXuânNinh,2015,13227,9.18
XãXuânHoà,2015,6987,8.73
ThịtrấnNgôĐồng,2015,5632,7.89
ThịtrấnQuấtLâm,2015,9408,4.07
XãGiaoHương,2015,6858,7.57
XãHồngThuận,2015,13487,6.29
XãGiaoThiện,2015,8914,5.28
XãGiaoThanh,2015,5769,5.19
XãHoànhSơn,2015,7495,7.3
XãBìnhHoà,2015,7129,6.83
XãGiaoTiến,2015,14660,5.41
XãGiaoHà,2015,7404,7.29
XãGiaoNhân,2015,6798,4.43
XãGiaoAn,2015,8335,5.68
XãGiaoLạc,2015,8889,3.4
XãGiaoChâu,2015,7161,5.96
XãGiaoTân,2015,6311,3.26
XãGiaoYến,2015,7331,4.4
XãGiaoXuân,2015,8634,4.83
XãGiaoThịnh,2015,9753,4.09
XãGiaoHải,2015,5670,5.57
XãBạchLong,2015,6555,4.34
XãGiaoLong,2015,7044,5.68
XãGiaoPhong,2015,6436,4.2
ThịtrấnYênĐịnh,2015,5103,4.98
ThịtrấnCồn,2015,6743,7.9
ThịtrấnThịnhLong,2015,13066,8.54
XãHảiNam,2015,8187,7.28
XãHảiTrung,2015,10843,7.53
XãHảiVân,2015,8545,6.1
XãHảiMinh,2015,16595,6.45
XãHảiAnh,2015,11725,4.1
XãHảiHưng,2015,9917,5.62
XãHảiBắc,2015,5660,6.88
XãHảiPhúc,2015,5661,6.55
XãHảiThanh,2015,5713,6.24
XãHảiHà,2015,5543,7.59
XãHảiLong,2015,6583,7.86
XãHảiPhương,2015,6475,8.28
XãHảiĐường,2015,11301,8.16
XãHảiLộc,2015,6889,3.92
XãHảiQuang,2015,6222,7.4
XãHảiĐông,2015,7528,6.92
XãHảiSơn,2015,8284,7.35
XãHảiTân,2015,6121,6.65
XãHảiPhong,2015,6396,6.32
XãHảiAn,2015,8699,6.51
XãHảiTây,2015,5908,4.85
XãHảiLý,2015,9542,8.17
XãHảiPhú,2015,8270,7.52
XãHảiGiang,2015,5273,6.89
XãHảiCường,2015,6052,9.06
XãHảiNinh,2015,6075,7.39
XãHảiChính,2015,4995,6.94
XãHảiXuân,2015,7637,7.76
XãHảiChâu,2015,6102,8.07
XãHảiTriều,2015,4777,8.64
XãHảiHoà,2015,7915,6.02
ThịtrấnCổLễ,2015,10619,7.88
ThịtrấnCátThành,2015,13645,7.51
ThịtrấnNinhCường,2015,8022,7.96
XãPhươngĐịnh,2015,14647,8.17
XãTrựcChính,2015,5044,7.46
XãTrungĐông,2015,14456,7.93
XãLiêmHải,2015,10913,8.11
XãTrựcTuấn,2015,5716,8.01
XãViệtHùng,2015,10537,7.45
XãTrựcĐạo,2015,7272,7.8
XãTrựcHưng,2015,4726,6.88
XãTrựcNội,2015,4848,6.84
XãTrựcThanh,2015,5182,8.39
XãTrựcKhang,2015,4298,7.4
XãTrựcThuận,2015,7135,8.4
XãTrựcMỹ,2015,4462,6.61
XãTrựcĐại,2015,11695,8.44
XãTrựcCường,2015,7715,7.68
XãTrựcThái,2015,7290,8.1
XãTrựcHùng,2015,8948,7.96
XãTrựcThắng,2015,6930,7.12
PhườngHạLong,2016,14760,1.58
PhườngTrầnTếXương,2016,11960,2.11
PhườngVịHoàng,2016,6383,2.24
PhườngVịXuyên,2016,8970,0.84
PhườngQuangTrung,2016,8353,1.88
PhườngCửaBắc,2016,12900,1.74
PhườngNguyễnDu,2016,4973,3.16
PhườngBàTriệu,2016,4939,2.39
PhườngTrườngThi,2016,13141,2.11
PhườngPhanĐìnhPhùng,2016,6447,2.34
PhườngNgôQuyền,2016,4308,3.06
PhườngTrầnHưngĐạo,2016,4827,2.05
PhườngĐăngNinh,2016,7850,2.73
PhườngNăngTĩnh,2016,10043,1.68
PhườngVănMiếu,2016,10939,1.86
PhườngTrầnQuangKhải,2016,9315,1.29
PhườngThốngNhất,2016,7105,1.69
PhườngLộcHạ,2016,12849,1.41
PhườngLộcVượng,2016,17266,1.28
PhườngCửaNam,2016,5940,1.7
PhườngLộcHoà,2016,11444,2.78
PhườngMỹXá,2016,19626,1.77
XãNamPhong,2016,8103,3.34
XãLộcAn,2016,8403,2.06
XãNamVân,2016,7048,2.56
ThịtrấnMỹLộc,2016,4943,2.66
XãMỹHà,2016,7589,2.72
XãMỹTiến,2016,5151,2.78
XãMỹThắng,2016,8313,1.85
XãMỹTrung,2016,5245,2.13
XãMỹTân,2016,11003,2.04
XãMỹPhúc,2016,8235,1.46
XãMỹHưng,2016,6540,1.89
XãMỹThuận,2016,6204,1.89
XãMỹThịnh,2016,4068,2.27
XãMỹThành,2016,4179,2.57
ThịtrấnGôi,2016,7068,3.17
XãMinhThuận,2016,8306,3.25
XãHiểnKhánh,2016,7691,3.44
XãTânKhánh,2016,5783,3.08
XãHợpHưng,2016,6047,2.97
XãĐạiAn,2016,7666,3.94
XãTânThành,2016,4672,3.6
XãCộngHòa,2016,5140,3.27
XãTrungThành,2016,5549,4.09
XãQuangTrung,2016,5942,3.68
XãMinhTân,2016,4436,3.51
XãLiênBảo,2016,9783,3.7
XãThànhLợi,2016,15531,3.09
XãKimThái,2016,8551,4.13
XãLiênMinh,2016,8781,3.53
XãĐạiThắng,2016,8999,2.98
XãTamThanh,2016,5144,5.69
XãVĩnhHào,2016,5290,4.95
ThịtrấnLâm,2016,13966,4.05
XãYênTrung,2016,5503,3.92
XãYênThành,2016,3301,4.01
XãYênTân,2016,5362,5.2
XãYênLợi,2016,5548,4.4
XãYênThọ,2016,6783,4.26
XãYênNghĩa,2016,4528,5.15
XãYênMinh,2016,4145,6.64
XãYênPhương,2016,5652,3.49
XãYênChính,2016,6459,3.31
XãYênBình,2016,7535,4.04
XãYênPhú,2016,7093,4.97
XãYênMỹ,2016,5297,3.51
XãYênDương,2016,7957,5.99
XãYênHưng,2016,4103,5.96
XãYênKhánh,2016,5327,5.13
XãYênPhong,2016,6047,4.9
XãYênNinh,2016,11755,5.99
XãYênLương,2016,6553,8.85
XãYênHồng,2016,5416,5.33
XãYênQuang,2016,4449,6.01
XãYênTiến,2016,11986,4.95
XãYênThắng,2016,10903,5.48
XãYênPhúc,2016,7376,4.12
XãYênCường,2016,8924,9.15
XãYênLộc,2016,8807,6.02
XãYênBằng,2016,9107,5.79
XãYênĐồng,2016,11758,4.12
XãYênKhang,2016,5576,4.23
XãYênNhân,2016,9302,4.81
XãYênTrị,2016,11805,7.34
ThịtrấnLiễuĐề,2016,6927,1.75
ThịtrấnRạngĐông,2016,8652,2.51
ThịtrấnQuỹNhất,2016,5424,3.18
XãNghĩaĐồng,2016,6203,3.69
XãNghĩaThịnh,2016,7715,4.43
XãNghĩaMinh,2016,4832,2.12
XãHoàngNam,2016,7864,2.9
XãNghĩaChâu,2016,7590,3.86
XãNghĩaThái,2016,8135,2.02
XãNghĩaTrung,2016,8233,1.7
XãNghĩaSơn,2016,14305,2.58
XãNghĩaLạc,2016,8460,1.86
XãNghĩaHồng,2016,8131,6.74
XãNghĩaPhong,2016,7092,2.63
XãNghĩaPhú,2016,7432,2.72
XãNghĩaTân,2016,4731,3.16
XãNghĩaBình,2016,4107,1.44
XãNghĩaThành,2016,5950,2.05
XãNghĩaLâm,2016,5842,2.96
XãNghĩaHùng,2016,6090,1.94
XãNghĩaHải,2016,13505,4.14
XãPhúcThắng,2016,8345,1.99
XãNghĩaLợi,2016,4572,2.37
XãNamĐiền,2016,6328,2.18
ThịtrấnNamGiang,2016,17603,3.33
XãNamMỹ,2016,5838,2.69
XãĐiềnXá,2016,11503,2.34
XãNghĩaAn,2016,9928,3.19
XãNamThắng,2016,7152,2.22
XãNamToàn,2016,4150,3.38
XãHồngQuang,2016,12927,2.33
XãTânThịnh,2016,10153,3.18
XãNamCường,2016,8220,3.84
XãNamHồng,2016,8844,2.82
XãNamHùng,2016,6815,2.88
XãNamHoa,2016,5891,3.16
XãNamDương,2016,9278,2.08
XãNamThanh,2016,11103,2.08
XãNamLợi,2016,8285,2.29
XãBìnhMinh,2016,10053,3.05
XãĐồngSơn,2016,13389,3.01
XãNamTiến,2016,10724,2.82
XãNamHải,2016,5392,2.73
XãNamThái,2016,8507,3.07
ThịtrấnXuânTrường,2016,8234,5.55
XãXuânChâu,2016,4515,4.09
XãXuânHồng,2016,14101,5.17
XãXuânThành,2016,5107,5.72
XãXuânThượng,2016,3385,6.6
XãXuânPhong,2016,7729,4.29
XãXuânĐài,2016,5532,4.39
XãXuânTân,2016,6192,4.37
XãXuânThuỷ,2016,3865,4.13
XãXuânNgọc,2016,6894,4.29
XãXuânBắc,2016,6271,2.65
XãXuânPhương,2016,5792,4.44
XãThọNghiệp,2016,10393,5.4
XãXuânPhú,2016,8867,3.2
XãXuânTrung,2016,7322,4.2
XãXuânVinh,2016,10032,3.07
XãXuânKiên,2016,7985,5.2
XãXuânTiến,2016,11825,4.15
XãXuânNinh,2016,13085,4.42
XãXuânHoà,2016,6742,6.19
ThịtrấnNgôĐồng,2016,5753,4.72
ThịtrấnQuấtLâm,2016,9372,3.58
XãGiaoHương,2016,6868,3.66
XãHồngThuận,2016,13393,3.08
XãGiaoThiện,2016,8938,3.91
XãGiaoThanh,2016,5654,4.97
XãHoànhSơn,2016,7451,4.42
XãBìnhHoà,2016,7086,5.55
XãGiaoTiến,2016,14605,3.51
XãGiaoHà,2016,6741,5.47
XãGiaoNhân,2016,6817,3.26
XãGiaoAn,2016,8283,5.35
XãGiaoLạc,2016,8869,3.06
XãGiaoChâu,2016,7156,3.04
XãGiaoTân,2016,6150,2.89
XãGiaoYến,2016,7297,4.05
XãGiaoXuân,2016,8566,4.2
XãGiaoThịnh,2016,9605,3.18
XãGiaoHải,2016,5515,3.05
XãBạchLong,2016,6402,3.92
XãGiaoLong,2016,6853,3.16
XãGiaoPhong,2016,6256,3.91
ThịtrấnYênĐịnh,2016,5173,3.59
ThịtrấnCồn,2016,6755,7.23
ThịtrấnThịnhLong,2016,13113,7.2
XãHảiNam,2016,8204,5.68
XãHảiTrung,2016,10947,3.22
XãHảiVân,2016,9061,2.34
XãHảiMinh,2016,17696,6.0
XãHảiAnh,2016,11747,3.92
XãHảiHưng,2016,9153,4.81
XãHảiBắc,2016,5670,5.72
XãHảiPhúc,2016,5671,4.94
XãHảiThanh,2016,5723,5.9
XãHảiHà,2016,5553,5.12
XãHảiLong,2016,6595,6.16
XãHảiPhương,2016,7227,3.2
XãHảiĐường,2016,11259,5.52
XãHảiLộc,2016,6743,3.79
XãHảiQuang,2016,6234,2.57
XãHảiĐông,2016,6742,6.37
XãHảiSơn,2016,8080,5.64
XãHảiTân,2016,6133,6.0
XãHảiPhong,2016,6402,5.38
XãHảiAn,2016,8710,4.19
XãHảiTây,2016,5918,4.39
XãHảiLý,2016,9560,6.68
XãHảiPhú,2016,8531,7.19
XãHảiGiang,2016,4881,6.27
XãHảiCường,2016,6046,6.83
XãHảiNinh,2016,6187,7.37
XãHảiChính,2016,4998,7.43
XãHảiXuân,2016,7357,7.67
XãHảiChâu,2016,6155,7.34
XãHảiTriều,2016,4790,6.45
XãHảiHoà,2016,7952,5.44
ThịtrấnCổLễ,2016,10662,8.39
ThịtrấnCátThành,2016,13702,6.4
ThịtrấnNinhCường,2016,8039,6.68
XãPhươngĐịnh,2016,14542,7.05
XãTrựcChính,2016,4950,7.02
XãTrungĐông,2016,14521,8.4
XãLiêmHải,2016,10951,7.88
XãTrựcTuấn,2016,5620,7.66
XãViệtHùng,2016,10511,8.32
XãTrựcĐạo,2016,7208,6.96
XãTrựcHưng,2016,4620,6.46
XãTrựcNội,2016,4767,6.38
XãTrựcThanh,2016,5134,6.69
XãTrựcKhang,2016,4231,7.3
XãTrựcThuận,2016,7128,7.52
XãTrựcMỹ,2016,4464,5.87
XãTrựcĐại,2016,11670,6.08
XãTrựcCường,2016,7718,7.99
XãTrựcThái,2016,7187,6.55
XãTrựcHùng,2016,9133,6.93
XãTrựcThắng,2016,6946,7.78
PhườngHạLong,2017,14689,1.33
PhườngTrầnTếXương,2017,11890,1.82
PhườngVịHoàng,2017,6292,2.26
PhườngVịXuyên,2017,8886,0.61
PhườngQuangTrung,2017,8262,1.78
PhườngCửaBắc,2017,12829,1.68
PhườngNguyễnDu,2017,4899,3.44
PhườngBàTriệu,2017,4857,2.22
PhườngTrườngThi,2017,13105,1.95
PhườngPhanĐìnhPhùng,2017,6387,2.17
PhườngNgôQuyền,2017,4229,2.74
PhườngTrầnHưngĐạo,2017,4760,2.17
PhườngĐăngNinh,2017,7787,2.73
PhườngNăngTĩnh,2017,9958,1.57
PhườngVănMiếu,2017,10851,1.7
PhườngTrầnQuangKhải,2017,9262,1.23
PhườngThốngNhất,2017,7125,1.42
PhườngLộcHạ,2017,12865,1.35
PhườngLộcVượng,2017,17224,1.26
PhườngCửaNam,2017,5735,1.42
PhườngLộcHoà,2017,11654,2.38
PhườngMỹXá,2017,19915,1.7
XãNamPhong,2017,8218,2.69
XãLộcAn,2017,8467,1.95
XãNamVân,2017,7168,2.59
ThịtrấnMỹLộc,2017,4981,2.25
XãMỹHà,2017,7624,2.38
XãMỹTiến,2017,5174,2.71
XãMỹThắng,2017,8351,1.58
XãMỹTrung,2017,5269,2.18
XãMỹTân,2017,11055,2.03
XãMỹPhúc,2017,8273,1.45
XãMỹHưng,2017,6570,1.83
XãMỹThuận,2017,6232,1.78
XãMỹThịnh,2017,4087,2.02
XãMỹThành,2017,4199,2.18
ThịtrấnGôi,2017,7158,3.61
XãMinhThuận,2017,8305,3.25
XãHiểnKhánh,2017,7690,3.38
XãTânKhánh,2017,5783,3.03
XãHợpHưng,2017,6047,2.86
XãĐạiAn,2017,7663,2.41
XãTânThành,2017,4670,3.17
XãCộngHòa,2017,5140,3.02
XãTrungThành,2017,5549,3.59
XãQuangTrung,2017,5946,3.5
XãMinhTân,2017,4434,3.26
XãLiênBảo,2017,9791,3.81
XãThànhLợi,2017,15557,2.74
XãKimThái,2017,8551,3.97
XãLiênMinh,2017,8796,3.13
XãĐạiThắng,2017,9014,2.74
XãTamThanh,2017,5145,3.64
XãVĩnhHào,2017,5290,3.96
ThịtrấnLâm,2017,14215,3.64
XãYênTrung,2017,5563,3.59
XãYênThành,2017,3356,3.27
XãYênTân,2017,5255,4.99
XãYênLợi,2017,5597,3.46
XãYênThọ,2017,6754,4.0
XãYênNghĩa,2017,4453,4.13
XãYênMinh,2017,4121,5.93
XãYênPhương,2017,5612,2.9
XãYênChính,2017,6423,3.34
XãYênBình,2017,7625,3.59
XãYênPhú,2017,7117,3.5
XãYênMỹ,2017,5234,3.3
XãYênDương,2017,7956,4.66
XãYênHưng,2017,4125,4.34
XãYênKhánh,2017,5357,4.33
XãYênPhong,2017,6042,3.72
XãYênNinh,2017,11873,4.82
XãYênLương,2017,6543,6.66
XãYênHồng,2017,5400,5.34
XãYênQuang,2017,4459,5.0
XãYênTiến,2017,12085,4.26
XãYênThắng,2017,10915,4.13
XãYênPhúc,2017,7366,2.96
XãYênCường,2017,8874,5.81
XãYênLộc,2017,8686,5.91
XãYênBằng,2017,9199,2.66
XãYênĐồng,2017,11834,3.2
XãYênKhang,2017,5556,3.75
XãYênNhân,2017,9197,3.68
XãYênTrị,2017,11746,3.93
ThịtrấnLiễuĐề,2017,7032,1.35
ThịtrấnRạngĐông,2017,8704,2.48
ThịtrấnQuỹNhất,2017,5383,3.49
XãNghĩaĐồng,2017,6259,3.66
XãNghĩaThịnh,2017,7716,3.9
XãNghĩaMinh,2017,4768,3.09
XãHoàngNam,2017,7871,3.22
XãNghĩaChâu,2017,7652,3.96
XãNghĩaThái,2017,8124,1.96
XãNghĩaTrung,2017,8320,1.73
XãNghĩaSơn,2017,14680,2.38
XãNghĩaLạc,2017,8462,2.01
XãNghĩaHồng,2017,8164,2.85
XãNghĩaPhong,2017,7016,2.39
XãNghĩaPhú,2017,7367,2.57
XãNghĩaTân,2017,4730,3.29
XãNghĩaBình,2017,4080,1.56
XãNghĩaThành,2017,5847,2.32
XãNghĩaLâm,2017,5763,2.77
XãNghĩaHùng,2017,5790,1.99
XãNghĩaHải,2017,13248,3.76
XãPhúcThắng,2017,8329,2.01
XãNghĩaLợi,2017,4483,2.21
XãNamĐiền,2017,6437,2.19
ThịtrấnNamGiang,2017,17680,3.05
XãNamMỹ,2017,5802,2.58
XãĐiềnXá,2017,11439,2.51
XãNghĩaAn,2017,9873,3.27
XãNamThắng,2017,7113,2.26
XãNamToàn,2017,4128,3.35
XãHồngQuang,2017,12855,2.64
XãTânThịnh,2017,10098,2.51
XãNamCường,2017,8175,3.75
XãNamHồng,2017,8795,2.87
XãNamHùng,2017,6778,2.91
XãNamHoa,2017,5858,3.14
XãNamDương,2017,9227,2.18
XãNamThanh,2017,11041,2.3
XãNamLợi,2017,8239,2.31
XãBìnhMinh,2017,9998,2.92
XãĐồngSơn,2017,13314,3.05
XãNamTiến,2017,10665,2.75
XãNamHải,2017,5362,2.35
XãNamThái,2017,8459,3.0
ThịtrấnXuânTrường,2017,8337,3.33
XãXuânChâu,2017,4326,3.23
XãXuânHồng,2017,13882,3.68
XãXuânThành,2017,5109,3.78
XãXuânThượng,2017,3412,4.07
XãXuânPhong,2017,7577,3.51
XãXuânĐài,2017,5251,3.25
XãXuânTân,2017,6051,3.24
XãXuânThuỷ,2017,3760,3.09
XãXuânNgọc,2017,6899,3.39
XãXuânBắc,2017,6159,2.23
XãXuânPhương,2017,5781,3.48
XãThọNghiệp,2017,10372,3.32
XãXuânPhú,2017,8722,2.45
XãXuânTrung,2017,7245,2.39
XãXuânVinh,2017,9964,2.97
XãXuânKiên,2017,8016,3.21
XãXuânTiến,2017,11987,3.32
XãXuânNinh,2017,12980,3.54
XãXuânHoà,2017,6532,3.96
ThịtrấnNgôĐồng,2017,5873,3.91
ThịtrấnQuấtLâm,2017,9337,3.11
XãGiaoHương,2017,6791,3.76
XãHồngThuận,2017,13338,3.09
XãGiaoThiện,2017,8820,2.49
XãGiaoThanh,2017,5544,4.27
XãHoànhSơn,2017,7286,4.46
XãBìnhHoà,2017,7054,3.56
XãGiaoTiến,2017,14269,3.41
XãGiaoHà,2017,6493,5.17
XãGiaoNhân,2017,6725,3.01
XãGiaoAn,2017,7969,4.51
XãGiaoLạc,2017,8635,3.19
XãGiaoChâu,2017,7128,2.95
XãGiaoTân,2017,6035,2.32
XãGiaoYến,2017,7284,3.17
XãGiaoXuân,2017,8497,2.11
XãGiaoThịnh,2017,9579,2.72
XãGiaoHải,2017,5562,2.88
XãBạchLong,2017,6402,2.56
XãGiaoLong,2017,6780,3.24
XãGiaoPhong,2017,6228,2.81
ThịtrấnYênĐịnh,2017,5196,3.6
ThịtrấnCồn,2017,6780,3.06
ThịtrấnThịnhLong,2017,13196,3.72
XãHảiNam,2017,8222,3.22
XãHảiTrung,2017,11014,4.08
XãHảiVân,2017,9127,2.45
XãHảiMinh,2017,16891,4.06
XãHảiAnh,2017,11772,2.94
XãHảiHưng,2017,9184,6.44
XãHảiBắc,2017,5638,3.42
XãHảiPhúc,2017,5684,2.95
XãHảiThanh,2017,5743,3.39
XãHảiHà,2017,5561,4.03
XãHảiLong,2017,6638,6.5
XãHảiPhương,2017,7272,3.19
XãHảiĐường,2017,11303,3.45
XãHảiLộc,2017,6802,3.69
XãHảiQuang,2017,6275,2.39
XãHảiĐông,2017,6789,3.42
XãHảiSơn,2017,8115,3.6
XãHảiTân,2017,6174,4.58
XãHảiPhong,2017,6460,3.27
XãHảiAn,2017,8769,3.82
XãHảiTây,2017,5968,2.36
XãHảiLý,2017,9629,3.06
XãHảiPhú,2017,8602,5.19
XãHảiGiang,2017,4923,4.87
XãHảiCường,2017,6101,5.03
XãHảiNinh,2017,6299,4.38
XãHảiChính,2017,5042,3.66
XãHảiXuân,2017,7407,3.88
XãHảiChâu,2017,6187,3.83
XãHảiTriều,2017,4832,1.95
XãHảiHoà,2017,8004,3.16
ThịtrấnCổLễ,2017,10775,4.7
ThịtrấnCátThành,2017,13689,4.09
ThịtrấnNinhCường,2017,8050,4.26
XãPhươngĐịnh,2017,14437,3.59
XãTrựcChính,2017,4822,3.08
XãTrungĐông,2017,14726,5.97
XãLiêmHải,2017,10948,4.46
XãTrựcTuấn,2017,5562,5.08
XãViệtHùng,2017,10509,6.0
XãTrựcĐạo,2017,7160,4.31
XãTrựcHưng,2017,4524,3.16
XãTrựcNội,2017,4705,4.44
XãTrựcThanh,2017,5088,2.98
XãTrựcKhang,2017,4204,4.14
XãTrựcThuận,2017,7095,3.21
XãTrựcMỹ,2017,4428,3.77
XãTrựcĐại,2017,11645,4.33
XãTrựcCường,2017,7720,4.02
XãTrựcThái,2017,7153,3.23
XãTrựcHùng,2017,9131,5.42
XãTrựcThắng,2017,6944,4.86
PhườngHạLong,2018,14615,1.25
PhườngTrầnTếXương,2018,11729,1.89
PhườngVịHoàng,2018,6238,2.4
PhườngVịXuyên,2018,8793,0.65
PhườngQuangTrung,2018,8230,2.17
PhườngCửaBắc,2018,12733,1.74
PhườngNguyễnDu,2018,4843,4.27
PhườngBàTriệu,2018,4791,2.52
PhườngTrườngThi,2018,13034,2.07
PhườngPhanĐìnhPhùng,2018,6370,2.76
PhườngNgôQuyền,2018,4210,2.64
PhườngTrầnHưngĐạo,2018,4659,2.16
PhườngĐăngNinh,2018,7688,2.9
PhườngNăngTĩnh,2018,9871,1.84
PhườngVănMiếu,2018,10778,1.84
PhườngTrầnQuangKhải,2018,9133,1.25
PhườngThốngNhất,2018,7102,1.37
PhườngLộcHạ,2018,12827,1.03
PhườngLộcVượng,2018,17164,1.24
PhườngCửaNam,2018,5739,1.56
PhườngLộcHoà,2018,11810,1.97
PhườngMỹXá,2018,20142,1.5
XãNamPhong,2018,8550,2.69
XãLộcAn,2018,8528,1.61
XãNamVân,2018,7207,2.18
ThịtrấnMỹLộc,2018,5019,1.64
XãMỹHà,2018,7659,1.92
XãMỹTiến,2018,5198,2.57
XãMỹThắng,2018,8391,1.49
XãMỹTrung,2018,5294,1.8
XãMỹTân,2018,11106,1.66
XãMỹPhúc,2018,8311,1.36
XãMỹHưng,2018,6600,1.59
XãMỹThuận,2018,6261,1.28
XãMỹThịnh,2018,4106,1.53
XãMỹThành,2018,4218,1.35
ThịtrấnGôi,2018,7248,3.24
XãMinhThuận,2018,8308,2.13
XãHiểnKhánh,2018,7698,2.42
XãTânKhánh,2018,5793,1.91
XãHợpHưng,2018,6058,2.15
XãĐạiAn,2018,7631,1.52
XãTânThành,2018,4664,2.2
XãCộngHòa,2018,5119,2.02
XãTrungThành,2018,5515,3.0
XãQuangTrung,2018,5946,3.25
XãMinhTân,2018,4420,2.55
XãLiênBảo,2018,9814,3.12
XãThànhLợi,2018,15589,2.06
XãKimThái,2018,8579,3.15
XãLiênMinh,2018,8820,2.53
XãĐạiThắng,2018,9035,2.08
XãTamThanh,2018,5153,2.52
XãVĩnhHào,2018,5299,2.98
ThịtrấnLâm,2018,14397,2.03
XãYênTrung,2018,5524,2.33
XãYênThành,2018,3362,1.41
XãYênTân,2018,5227,3.91
XãYênLợi,2018,5561,2.94
XãYênThọ,2018,6885,3.27
XãYênNghĩa,2018,4406,1.77
XãYênMinh,2018,4143,3.96
XãYênPhương,2018,5662,2.08
XãYênChính,2018,6360,2.3
XãYênBình,2018,7599,2.91
XãYênPhú,2018,7161,1.86
XãYênMỹ,2018,5198,2.28
XãYênDương,2018,7930,3.97
XãYênHưng,2018,4104,2.36
XãYênKhánh,2018,5380,3.22
XãYênPhong,2018,6030,2.57
XãYênNinh,2018,11978,2.9
XãYênLương,2018,6507,3.8
XãYênHồng,2018,5358,3.6
XãYênQuang,2018,4455,3.28
XãYênTiến,2018,12203,2.02
XãYênThắng,2018,10945,3.22
XãYênPhúc,2018,7325,2.3
XãYênCường,2018,8832,3.01
XãYênLộc,2018,8564,4.52
XãYênBằng,2018,9209,1.9
XãYênĐồng,2018,11914,2.51
XãYênKhang,2018,5587,2.76
XãYênNhân,2018,9179,3.38
XãYênTrị,2018,11781,2.8
ThịtrấnLiễuĐề,2018,7106,0.86
ThịtrấnRạngĐông,2018,8762,1.88
ThịtrấnQuỹNhất,2018,5370,2.18
XãNghĩaĐồng,2018,6276,2.22
XãNghĩaThịnh,2018,7718,2.24
XãNghĩaMinh,2018,4760,1.17
XãHoàngNam,2018,7883,1.92
XãNghĩaChâu,2018,7658,2.19
XãNghĩaThái,2018,8114,1.03
XãNghĩaTrung,2018,8327,1.34
XãNghĩaSơn,2018,14829,1.45
XãNghĩaLạc,2018,8490,0.87
XãNghĩaHồng,2018,8168,2.08
XãNghĩaPhong,2018,7009,1.39
XãNghĩaPhú,2018,7351,1.98
XãNghĩaTân,2018,4718,2.2
XãNghĩaBình,2018,4033,0.87
XãNghĩaThành,2018,5772,1.4
XãNghĩaLâm,2018,5761,2.06
XãNghĩaHùng,2018,5773,1.58
XãNghĩaHải,2018,12847,2.23
XãPhúcThắng,2018,8311,1.33
XãNghĩaLợi,2018,4470,1.31
XãNamĐiền,2018,6492,1.28
ThịtrấnNamGiang,2018,17756,2.46
XãNamMỹ,2018,5772,2.21
XãĐiềnXá,2018,11376,1.82
XãNghĩaAn,2018,9820,2.64
XãNamThắng,2018,7074,1.5
XãNamToàn,2018,4105,2.31
XãHồngQuang,2018,12786,1.89
XãTânThịnh,2018,10042,2.04
XãNamCường,2018,8131,2.81
XãNamHồng,2018,8747,2.28
XãNamHùng,2018,6741,2.22
XãNamHoa,2018,5826,2.38
XãNamDương,2018,9176,1.53
XãNamThanh,2018,10980,1.46
XãNamLợi,2018,8194,2.03
XãBìnhMinh,2018,9942,2.59
XãĐồngSơn,2018,13241,2.64
XãNamTiến,2018,10606,2.36
XãNamHải,2018,5333,1.35
XãNamThái,2018,8413,2.62
ThịtrấnXuânTrường,2018,8441,2.49
XãXuânChâu,2018,4089,2.26
XãXuânHồng,2018,13656,2.69
XãXuânThành,2018,5113,2.66
XãXuânThượng,2018,3582,3.13
XãXuânPhong,2018,7425,2.47
XãXuânĐài,2018,4976,2.51
XãXuânTân,2018,5901,2.56
XãXuânThuỷ,2018,3671,2.19
XãXuânNgọc,2018,6905,2.76
XãXuânBắc,2018,6042,1.78
XãXuânPhương,2018,5778,2.43
XãThọNghiệp,2018,10358,2.72
XãXuânPhú,2018,8561,2.38
XãXuânTrung,2018,7166,2.11
XãXuânVinh,2018,9871,2.47
XãXuânKiên,2018,8098,2.24
XãXuânTiến,2018,12086,2.7
XãXuânNinh,2018,12874,2.78
XãXuânHoà,2018,6306,2.87
ThịtrấnNgôĐồng,2018,5935,3.01
ThịtrấnQuấtLâm,2018,9362,2.25
XãGiaoHương,2018,6678,2.72
XãHồngThuận,2018,13388,2.04
XãGiaoThiện,2018,8856,1.86
XãGiaoThanh,2018,5543,3.1
XãHoànhSơn,2018,7356,2.88
XãBìnhHoà,2018,6897,2.56
XãGiaoTiến,2018,13330,1.95
XãGiaoHà,2018,6343,3.29
XãGiaoNhân,2018,6811,2.34
XãGiaoAn,2018,7933,2.59
XãGiaoLạc,2018,8775,2.38
XãGiaoChâu,2018,7126,2.26
XãGiaoTân,2018,5871,1.95
XãGiaoYến,2018,7086,2.4
XãGiaoXuân,2018,8400,1.55
XãGiaoThịnh,2018,9465,2.2
XãGiaoHải,2018,5493,2.65
XãBạchLong,2018,6251,1.62
XãGiaoLong,2018,6643,2.55
XãGiaoPhong,2018,6128,2.58
ThịtrấnYênĐịnh,2018,5226,3.21
ThịtrấnCồn,2018,6815,2.55
ThịtrấnThịnhLong,2018,13263,3.21
XãHảiNam,2018,8243,2.68
XãHảiTrung,2018,11042,2.96
XãHảiVân,2018,9149,1.89
XãHảiMinh,2018,16554,3.19
XãHảiAnh,2018,11862,2.42
XãHảiHưng,2018,9207,5.62
XãHảiBắc,2018,5721,3.01
XãHảiPhúc,2018,5719,2.54
XãHảiThanh,2018,5773,2.44
XãHảiHà,2018,5614,3.35
XãHảiLong,2018,6654,5.6
XãHảiPhương,2018,7290,2.03
XãHảiĐường,2018,11432,2.76
XãHảiLộc,2018,6819,3.17
XãHảiQuang,2018,6290,2.01
XãHảiĐông,2018,6805,2.1
XãHảiSơn,2018,8135,2.63
XãHảiTân,2018,6189,3.89
XãHảiPhong,2018,6476,1.93
XãHảiAn,2018,8790,2.53
XãHảiTây,2018,5982,1.45
XãHảiLý,2018,9653,1.82
XãHảiPhú,2018,8623,2.5
XãHảiGiang,2018,4935,2.81
XãHảiCường,2018,6116,2.38
XãHảiNinh,2018,6315,2.34
XãHảiChính,2018,5053,1.91
XãHảiXuân,2018,7425,2.07
XãHảiChâu,2018,6208,2.23
XãHảiTriều,2018,4844,1.18
XãHảiHoà,2018,8022,1.69
ThịtrấnCổLễ,2018,11062,1.96
ThịtrấnCátThành,2018,13531,2.57
ThịtrấnNinhCường,2018,7915,1.94
XãPhươngĐịnh,2018,14382,2.3
XãTrựcChính,2018,4724,1.47
XãTrungĐông,2018,14725,3.29
XãLiêmHải,2018,10958,2.52
XãTrựcTuấn,2018,5508,1.87
XãViệtHùng,2018,10516,3.18
XãTrựcĐạo,2018,7109,2.61
XãTrựcHưng,2018,4618,1.67
XãTrựcNội,2018,4693,2.44
XãTrựcThanh,2018,5035,1.89
XãTrựcKhang,2018,4175,1.67
XãTrựcThuận,2018,6980,1.71
XãTrựcMỹ,2018,4372,2.22
XãTrựcĐại,2018,11682,2.88
XãTrựcCường,2018,7731,1.88
XãTrựcThái,2018,7124,1.15
XãTrựcHùng,2018,9142,3.22
XãTrựcThắng,2018,6950,2.3
PhườngHạLong,2019,14598,1.03
PhườngTrầnTếXương,2019,11702,1.8
PhườngVịHoàng,2019,6232,1.88
PhườngVịXuyên,2019,8770,0.64
PhườngQuangTrung,2019,8228,2.2
PhườngCửaBắc,2019,12727,1.57
PhườngNguyễnDu,2019,4834,4.13
PhườngBàTriệu,2019,4779,2.57
PhườngTrườngThi,2019,12081,1.67
PhườngPhanĐìnhPhùng,2019,6371,2.64
PhườngNgôQuyền,2019,4212,2.47
PhườngTrầnHưngĐạo,2019,4638,2.25
PhườngĐăngNinh,2019,7675,2.37
PhườngNăngTĩnh,2019,9854,1.79
PhườngVănMiếu,2019,10761,1.65
PhườngTrầnQuangKhải,2019,9127,1.04
PhườngThốngNhất,2019,7089,1.07
PhườngLộcHạ,2019,12782,0.96
PhườngLộcVượng,2019,17098,1.21
PhườngCửaNam,2019,5719,1.49
PhườngLộcHoà,2019,11799,1.8
PhườngMỹXá,2019,21011,1.47
XãNamPhong,2019,8542,2.5
XãLộcAn,2019,8526,1.54
XãNamVân,2019,7201,2.22
ThịtrấnMỹLộc,2019,5058,1.5
XãMỹHà,2019,7697,1.83
XãMỹTiến,2019,5224,2.56
XãMỹThắng,2019,8431,1.3
XãMỹTrung,2019,5320,1.73
XãMỹTân,2019,11161,1.54
XãMỹPhúc,2019,8352,1.39
XãMỹHưng,2019,6633,1.53
XãMỹThuận,2019,6292,1.18
XãMỹThịnh,2019,4126,1.44
XãMỹThành,2019,4239,1.04
ThịtrấnGôi,2019,7342,2.06
XãMinhThuận,2019,8315,1.22
XãHiểnKhánh,2019,7705,1.29
XãTânKhánh,2019,5798,1.41
XãHợpHưng,2019,6064,1.62
XãĐạiAn,2019,7638,1.25
XãTânThành,2019,4668,1.26
XãCộngHòa,2019,5124,1.33
XãTrungThành,2019,5520,1.9
XãQuangTrung,2019,5951,2.18
XãMinhTân,2019,4425,1.72
XãLiênBảo,2019,9823,1.61
XãThànhLợi,2019,15604,1.38
XãKimThái,2019,8587,1.72
XãLiênMinh,2019,8827,1.04
XãĐạiThắng,2019,9043,1.67
XãTamThanh,2019,5160,1.71
XãVĩnhHào,2019,5303,1.94
ThịtrấnLâm,2019,14589,1.51
XãYênTrung,2019,5537,1.79
XãYênThành,2019,3366,0.76
XãYênTân,2019,5209,1.33
XãYênLợi,2019,5544,2.23
XãYênThọ,2019,6978,2.88
XãYênNghĩa,2019,4351,1.05
XãYênMinh,2019,4153,2.94
XãYênPhương,2019,5621,1.37
XãYênChính,2019,6363,1.44
XãYênBình,2019,7650,1.86
XãYênPhú,2019,7137,1.23
XãYênMỹ,2019,5149,1.56
XãYênDương,2019,7964,2.61
XãYênHưng,2019,4062,1.58
XãYênKhánh,2019,5368,2.22
XãYênPhong,2019,6069,2.05
XãYênNinh,2019,12057,2.02
XãYênLương,2019,6520,2.75
XãYênHồng,2019,5316,2.18
XãYênQuang,2019,4470,2.22
XãYênTiến,2019,12284,1.28
XãYênThắng,2019,10957,2.49
XãYênPhúc,2019,7329,1.89
XãYênCường,2019,8852,1.54
XãYênLộc,2019,8443,3.75
XãYênBằng,2019,9247,1.26
XãYênĐồng,2019,11965,1.73
XãYênKhang,2019,5606,2.01
XãYênNhân,2019,9109,2.6
XãYênTrị,2019,11802,2.22
ThịtrấnLiễuĐề,2019,7125,0.68
ThịtrấnRạngĐông,2019,8874,1.52
ThịtrấnQuỹNhất,2019,5368,1.59
XãNghĩaĐồng,2019,6285,2.01
XãNghĩaThịnh,2019,7724,1.7
XãNghĩaMinh,2019,4756,1.22
XãHoàngNam,2019,7887,1.74
XãNghĩaChâu,2019,7672,1.68
XãNghĩaThái,2019,8112,0.8
XãNghĩaTrung,2019,8335,0.75
XãNghĩaSơn,2019,14856,1.15
XãNghĩaLạc,2019,8483,0.61
XãNghĩaHồng,2019,8176,1.37
XãNghĩaPhong,2019,7004,1.35
XãNghĩaPhú,2019,7349,1.56
XãNghĩaTân,2019,4712,1.69
XãNghĩaBình,2019,4036,0.75
XãNghĩaThành,2019,5669,0.91
XãNghĩaLâm,2019,5757,1.27
XãNghĩaHùng,2019,5759,1.25
XãNghĩaHải,2019,12617,1.85
XãPhúcThắng,2019,8300,1.07
XãNghĩaLợi,2019,4468,1.16
XãNamĐiền,2019,6509,0.66
ThịtrấnNamGiang,2019,17835,1.95
XãNamMỹ,2019,6109,1.81
XãĐiềnXá,2019,12113,1.43
XãNghĩaAn,2019,10810,1.66
XãNamThắng,2019,7156,1.14
XãNamToàn,2019,4593,1.83
XãHồngQuang,2019,11944,1.65
XãTânThịnh,2019,9872,1.83
XãNamCường,2019,8718,1.81
XãNamHồng,2019,8861,1.83
XãNamHùng,2019,7075,1.59
XãNamHoa,2019,5809,2.13
XãNamDương,2019,9709,1.43
XãNamThanh,2019,10606,1.5
XãNamLợi,2019,8113,1.76
XãBìnhMinh,2019,9026,2.11
XãĐồngSơn,2019,10274,2.69
XãNamTiến,2019,10319,1.71
XãNamHải,2019,5004,1.24
XãNamThái,2019,9344,1.94
ThịtrấnXuânTrường,2019,8549,2.2
XãXuânChâu,2019,3880,1.53
XãXuânHồng,2019,13459,2.47
XãXuânThành,2019,5115,2.23
XãXuânThượng,2019,3481,2.77
XãXuânPhong,2019,7316,1.75
XãXuânĐài,2019,4805,1.61
XãXuânTân,2019,5770,1.94
XãXuânThuỷ,2019,3579,1.42
XãXuânNgọc,2019,6914,1.98
XãXuânBắc,2019,5933,0.77
XãXuânPhương,2019,5765,1.73
XãThọNghiệp,2019,10333,2.17
XãXuânPhú,2019,8412,1.51
XãXuânTrung,2019,7093,1.6
XãXuânVinh,2019,9803,1.63
XãXuânKiên,2019,7916,1.65
XãXuânTiến,2019,12197,2.27
XãXuânNinh,2019,12756,2.15
XãXuânHoà,2019,6443,2.24
ThịtrấnNgôĐồng,2019,6293,2.36
ThịtrấnQuấtLâm,2019,9096,1.34
XãGiaoHương,2019,5591,1.66
XãHồngThuận,2019,12587,1.27
XãGiaoThiện,2019,8142,1.32
XãGiaoThanh,2019,5344,2.14
XãHoànhSơn,2019,7870,1.71
XãBìnhHoà,2019,7058,1.92
XãGiaoTiến,2019,11640,0.94
XãGiaoHà,2019,7385,2.67
XãGiaoNhân,2019,6854,1.42
XãGiaoAn,2019,8681,1.89
XãGiaoLạc,2019,8297,1.98
XãGiaoChâu,2019,7093,1.37
XãGiaoTân,2019,5397,1.25
XãGiaoYến,2019,7482,1.7
XãGiaoXuân,2019,8072,1.03
XãGiaoThịnh,2019,9255,1.59
XãGiaoHải,2019,5930,1.91
XãBạchLong,2019,6346,1.16
XãGiaoLong,2019,6771,1.54
XãGiaoPhong,2019,6612,1.59
ThịtrấnYênĐịnh,2019,5374,2.36
ThịtrấnCồn,2019,6821,1.56
ThịtrấnThịnhLong,2019,13249,2.12
XãHảiNam,2019,7479,1.77
XãHảiTrung,2019,11101,2.32
XãHảiVân,2019,9216,0.96
XãHảiMinh,2019,16895,2.61
XãHảiAnh,2019,12637,1.89
XãHảiHưng,2019,9733,4.02
XãHảiBắc,2019,5730,1.71
XãHảiPhúc,2019,5681,1.66
XãHảiThanh,2019,6131,1.4
XãHảiHà,2019,5744,2.01
XãHảiLong,2019,6929,4.25
XãHảiPhương,2019,7082,1.38
XãHảiĐường,2019,11750,1.6
XãHảiLộc,2019,6233,2.51
XãHảiQuang,2019,6472,1.03
XãHảiĐông,2019,7193,1.06
XãHảiSơn,2019,7524,1.57
XãHảiTân,2019,6116,2.52
XãHảiPhong,2019,6257,1.28
XãHảiAn,2019,9084,1.31
XãHảiTây,2019,6192,0.52
XãHảiLý,2019,9613,0.93
XãHảiPhú,2019,8425,1.26
XãHảiGiang,2019,4498,1.27
XãHảiCường,2019,5998,1.4
XãHảiNinh,2019,6212,1.21
XãHảiChính,2019,5142,1.22
XãHảiXuân,2019,7394,1.5
XãHảiChâu,2019,5794,1.57
XãHảiTriều,2019,5216,0.51
XãHảiHoà,2019,8056,1.34
ThịtrấnCổLễ,2019,11051,1.37
ThịtrấnCátThành,2019,13660,1.55
ThịtrấnNinhCường,2019,7906,1.27
XãPhươngĐịnh,2019,14321,1.61
XãTrựcChính,2019,4632,0.89
XãTrungĐông,2019,14724,1.66
XãLiêmHải,2019,11120,1.46
XãTrựcTuấn,2019,5496,1.58
XãViệtHùng,2019,10460,1.74
XãTrựcĐạo,2019,7006,1.58
XãTrựcHưng,2019,4438,1.35
XãTrựcNội,2019,4645,1.56
XãTrựcThanh,2019,5018,1.31
XãTrựcKhang,2019,4139,0.93
XãTrựcThuận,2019,6955,0.86
XãTrựcMỹ,2019,4304,1.44
XãTrựcĐại,2019,11705,1.63
XãTrựcCường,2019,7634,1.15
XãTrựcThái,2019,7060,0.4
XãTrựcHùng,2019,9213,2.18
XãTrựcThắng,2019,7116,1.41
PhườngHạLong,2020,14653,0.83
PhườngTrầnTếXương,2020,11694,1.44
PhườngVịHoàng,2020,6210,1.63
PhườngVịXuyên,2020,8762,0.61
PhườngQuangTrung,2020,8218,1.4
PhườngCửaBắc,2020,12717,1.42
PhườngNguyễnDu,2020,4810,2.6
PhườngBàTriệu,2020,4761,1.91
PhườngTrườngThi,2020,15161,1.48
PhườngPhanĐìnhPhùng,2020,6359,1.73
PhườngNgôQuyền,2020,4197,1.52
PhườngTrầnHưngĐạo,2020,4626,1.91
PhườngĐăngNinh,2020,7670,1.81
PhườngNăngTĩnh,2020,9830,1.23
PhườngVănMiếu,2020,10725,1.37
PhườngTrầnQuangKhải,2020,9180,0.85
PhườngThốngNhất,2020,7080,0.6
PhườngLộcHạ,2020,12845,0.86
PhườngLộcVượng,2020,17148,1.11
PhườngCửaNam,2020,5722,1.43
PhườngLộcHoà,2020,11845,1.42
PhườngMỹXá,2020,18053,1.25
XãNamPhong,2020,8503,1.92
XãLộcAn,2020,8503,1.16
XãNamVân,2020,7135,1.85
ThịtrấnMỹLộc,2020,5059,1.29
XãMỹHà,2020,7698,1.74
XãMỹTiến,2020,5225,2.42
XãMỹThắng,2020,8432,1.37
XãMỹTrung,2020,5321,1.54
XãMỹTân,2020,11163,1.29
XãMỹPhúc,2020,8353,1.31
XãMỹHưng,2020,6634,1.39
XãMỹThuận,2020,6293,1.12
XãMỹThịnh,2020,4127,1.35
XãMỹThành,2020,4240,0.96
ThịtrấnGôi,2020,7341,1.6
XãMinhThuận,2020,7080,0.55
XãHiểnKhánh,2020,7248,0.6
XãTânKhánh,2020,5064,0.59
XãHợpHưng,2020,6242,1.25
XãĐạiAn,2020,7416,0.69
XãTânThành,2020,5392,0.42
XãCộngHòa,2020,5043,1.01
XãTrungThành,2020,5748,1.5
XãQuangTrung,2020,5825,1.75
XãMinhTân,2020,4679,1.63
XãLiênBảo,2020,8930,1.42
XãThànhLợi,2020,14306,0.74
XãKimThái,2020,9216,1.11
XãLiênMinh,2020,9820,0.97
XãĐạiThắng,2020,9559,0.97
XãTamThanh,2020,5928,0.85
XãVĩnhHào,2020,6033,1.51
ThịtrấnLâm,2020,14580,0.62
XãYênTrung,2020,5535,0.87
XãYênThành,2020,3364,0.25
XãYênTân,2020,5207,0.5
XãYênLợi,2020,5543,1.23
XãYênThọ,2020,6975,1.37
XãYênNghĩa,2020,4350,0.52
XãYênMinh,2020,4152,1.54
XãYênPhương,2020,5619,0.68
XãYênChính,2020,6364,0.81
XãYênBình,2020,7647,1.06
XãYênPhú,2020,7136,0.48
XãYênMỹ,2020,5147,0.69
XãYênDương,2020,7961,1.42
XãYênHưng,2020,4059,0.75
XãYênKhánh,2020,5365,1.02
XãYênPhong,2020,6066,1.33
XãYênNinh,2020,12054,1.03
XãYênLương,2020,6518,1.34
XãYênHồng,2020,5314,1.26
XãYênQuang,2020,4468,1.16
XãYênTiến,2020,12281,0.66
XãYênThắng,2020,10954,1.2
XãYênPhúc,2020,7327,1.08
XãYênCường,2020,8851,1.03
XãYênLộc,2020,8433,2.61
XãYênBằng,2020,9245,0.57
XãYênĐồng,2020,11964,0.93
XãYênKhang,2020,5603,1.17
XãYênNhân,2020,9108,1.19
XãYênTrị,2020,11800,1.27
ThịtrấnLiễuĐề,2020,7133,0.45
ThịtrấnRạngĐông,2020,8893,0.52
ThịtrấnQuỹNhất,2020,5392,0.98
XãNghĩaĐồng,2020,6143,1.39
XãNghĩaThịnh,2020,7635,0.97
XãNghĩaMinh,2020,4771,1.22
XãHoàngNam,2020,7882,1.12
XãNghĩaChâu,2020,7680,0.59
XãNghĩaThái,2020,8136,0.25
XãNghĩaTrung,2020,8327,0.11
XãNghĩaSơn,2020,14883,0.35
XãNghĩaLạc,2020,8479,0.11
XãNghĩaHồng,2020,8178,0.5
XãNghĩaPhong,2020,7006,0.63
XãNghĩaPhú,2020,7354,0.57
XãNghĩaTân,2020,4729,0.81
XãNghĩaBình,2020,4051,0.14
XãNghĩaThành,2020,5670,0.3
XãNghĩaLâm,2020,5752,1.12
XãNghĩaHùng,2020,5762,0.16
XãNghĩaHải,2020,12623,1.05
XãPhúcThắng,2020,8306,0.3
XãNghĩaLợi,2020,4470,0.45
XãNamĐiền,2020,6514,0.05
ThịtrấnNamGiang,2020,17935,0.93
XãNamMỹ,2020,6181,1.31
XãĐiềnXá,2020,11972,0.82
XãNghĩaAn,2020,10831,0.7
XãNamThắng,2020,7166,0.63
XãNamToàn,2020,4465,0.72
XãHồngQuang,2020,11926,0.66
XãTânThịnh,2020,10047,0.74
XãNamCường,2020,8719,0.76
XãNamHồng,2020,8841,0.73
XãNamHùng,2020,7052,0.71
XãNamHoa,2020,5795,0.68
XãNamDương,2020,9661,0.7
XãNamThanh,2020,10549,0.54
XãNamLợi,2020,8076,0.75
XãBìnhMinh,2020,8992,0.86
XãĐồngSơn,2020,10461,1.02
XãNamTiến,2020,10318,0.87
XãNamHải,2020,4996,0.62
XãNamThái,2020,9163,0.8
ThịtrấnXuânTrường,2020,8183,0.77
XãXuânChâu,2020,4002,0.48
XãXuânHồng,2020,13466,1.45
XãXuânThành,2020,5120,1.04
XãXuânThượng,2020,4005,1.45
XãXuânPhong,2020,7318,0.86
XãXuânĐài,2020,4815,0.86
XãXuânTân,2020,5782,1.04
XãXuânThuỷ,2020,3710,0.83
XãXuânNgọc,2020,6915,0.81
XãXuânBắc,2020,5940,0.45
XãXuânPhương,2020,5770,0.98
XãThọNghiệp,2020,10335,1.08
XãXuânPhú,2020,8420,0.48
XãXuânTrung,2020,7100,0.4
XãXuânVinh,2020,9820,0.46
XãXuânKiên,2020,7917,0.89
XãXuânTiến,2020,11723,1.11
XãXuânNinh,2020,12760,0.75
XãXuânHoà,2020,6625,1.33
ThịtrấnNgôĐồng,2020,6367,1.07
ThịtrấnQuấtLâm,2020,9172,0.63
XãGiaoHương,2020,5605,1.01
XãHồngThuận,2020,12611,0.64
XãGiaoThiện,2020,7894,0.66
XãGiaoThanh,2020,5370,1.08
XãHoànhSơn,2020,7880,0.78
XãBìnhHoà,2020,7015,0.93
XãGiaoTiến,2020,11647,0.7
XãGiaoHà,2020,7373,1.93
XãGiaoNhân,2020,6873,0.71
XãGiaoAn,2020,8524,0.87
XãGiaoLạc,2020,8326,1.07
XãGiaoChâu,2020,7102,0.86
XãGiaoTân,2020,5406,0.64
XãGiaoYến,2020,7473,0.81
XãGiaoXuân,2020,8096,0.56
XãGiaoThịnh,2020,9284,0.78
XãGiaoHải,2020,5963,0.72
XãBạchLong,2020,6360,0.69
XãGiaoLong,2020,6777,0.72
XãGiaoPhong,2020,6625,0.8
ThịtrấnYênĐịnh,2020,5488,1.66
ThịtrấnCồn,2020,6701,0.62
ThịtrấnThịnhLong,2020,13074,1.19
XãHảiNam,2020,7432,0.79
XãHảiTrung,2020,10976,1.05
XãHảiVân,2020,9215,0.3
XãHảiMinh,2020,17034,1.32
XãHảiAnh,2020,12659,1.18
XãHảiHưng,2020,9715,2.1
XãHảiBắc,2020,5784,0.82
XãHảiPhúc,2020,5638,0.77
XãHảiThanh,2020,6122,0.54
XãHảiHà,2020,5778,0.69
XãHảiLong,2020,7003,1.97
XãHảiPhương,2020,7385,0.6
XãHảiĐường,2020,11604,0.66
XãHảiLộc,2020,5905,1.46
XãHảiQuang,2020,6248,0.41
XãHảiĐông,2020,7228,0.3
XãHảiSơn,2020,7503,0.69
XãHảiTân,2020,6195,1.36
XãHảiPhong,2020,6184,0.72
XãHảiAn,2020,9055,0.62
XãHảiTây,2020,6131,0.43
XãHảiLý,2020,9615,0.27
XãHảiPhú,2020,8603,0.72
XãHảiGiang,2020,4522,0.73
XãHảiCường,2020,6041,0.77
XãHảiNinh,2020,6232,0.47
XãHảiChính,2020,5143,0.69
XãHảiXuân,2020,7331,0.81
XãHảiChâu,2020,5805,0.61
XãHảiTriều,2020,5068,0.43
XãHảiHoà,2020,8062,0.64
ThịtrấnCổLễ,2020,11137,0.81
ThịtrấnCátThành,2020,13960,0.8
ThịtrấnNinhCường,2020,7920,0.8
XãPhươngĐịnh,2020,14235,0.78
XãTrựcChính,2020,4635,0.77
XãTrungĐông,2020,14699,0.91
XãLiêmHải,2020,11077,0.77
XãTrựcTuấn,2020,5472,0.84
XãViệtHùng,2020,10366,0.82
XãTrựcĐạo,2020,7018,0.83
XãTrựcHưng,2020,4442,0.63
XãTrựcNội,2020,4691,0.78
XãTrựcThanh,2020,4994,0.81
XãTrựcKhang,2020,4126,0.8
XãTrựcThuận,2020,6962,0.71
XãTrựcMỹ,2020,4287,0.81
XãTrựcĐại,2020,11622,1.21
XãTrựcCường,2020,7613,0.59
XãTrựcThái,2020,6956,0.4
XãTrựcHùng,2020,9278,1.67
XãTrựcThắng,2020,7168,0.67
PhườngHạLong,2021,15010,0.59
PhườngTrầnTếXương,2021,11933,0.84
PhườngVịHoàng,2021,6311,1.68
PhườngVịXuyên,2021,8841,0.74
PhườngQuangTrung,2021,8330,1.47
PhườngCửaBắc,2021,12925,1.33
PhườngNguyễnDu,2021,5012,2.56
PhườngBàTriệu,2021,4987,1.92
PhườngTrườngThi,2021,16147,1.44
PhườngPhanĐìnhPhùng,2021,6567,1.75
PhườngNgôQuyền,2021,4392,1.3
PhườngTrầnHưngĐạo,2021,4837,1.96
PhườngĐăngNinh,2021,7835,1.61
PhườngNăngTĩnh,2021,10072,1.09
PhườngVănMiếu,2021,10926,1.27
PhườngTrầnQuangKhải,2021,9497,0.91
PhườngThốngNhất,2021,7349,0.49
PhườngLộcHạ,2021,13244,0.66
PhườngLộcVượng,2021,17596,0.99
PhườngCửaNam,2021,5970,1.39
PhườngLộcHoà,2021,12146,1.2
PhườngMỹXá,2021,18134,1.26
XãNamPhong,2021,8648,2.25
XãLộcAn,2021,8620,1.1
XãNamVân,2021,7497,1.84
ThịtrấnMỹLộc,2021,5411,1.31
XãMỹHà,2021,7876,1.73
XãMỹTiến,2021,5370,2.78
XãMỹThắng,2021,8662,1.15
XãMỹTrung,2021,5468,1.37
XãMỹTân,2021,11472,1.48
XãMỹPhúc,2021,8579,1.58
XãMỹHưng,2021,6817,1.26
XãMỹThuận,2021,6467,0.9
XãMỹThịnh,2021,4241,1.08
XãMỹThành,2021,4358,0.86
ThịtrấnGôi,2021,7761,1.5
XãMinhThuận,2021,7282,0.54
XãHiểnKhánh,2021,7454,0.63
XãTânKhánh,2021,5208,0.63
XãHợpHưng,2021,6429,1.31
XãĐạiAn,2021,7628,0.62
XãTânThành,2021,5545,0.34
XãCộngHòa,2021,5187,0.99
XãTrungThành,2021,5910,1.34
XãQuangTrung,2021,5991,1.6
XãMinhTân,2021,4807,1.59
XãLiênBảo,2021,9185,1.39
XãThànhLợi,2021,14716,0.71
XãKimThái,2021,9482,1.04
XãLiênMinh,2021,10115,0.83
XãĐạiThắng,2021,9792,0.87
XãTamThanh,2021,6096,0.94
XãVĩnhHào,2021,6208,1.48
ThịtrấnLâm,2021,15542,0.93
XãYênTrung,2021,5692,3.44
XãYênThành,2021,3447,0.08
XãYênTân,2021,5356,2.24
XãYênLợi,2021,5699,2.37
XãYênThọ,2021,7164,1.8
XãYênNghĩa,2021,4485,0.52
XãYênMinh,2021,4265,3.04
XãYênPhương,2021,5770,2.87
XãYênChính,2021,6486,2.27
XãYênBình,2021,7847,2.65
XãYênPhú,2021,7334,3.02
XãYênMỹ,2021,5303,3.26
XãYênDương,2021,8211,4.68
XãYênHưng,2021,4181,3.34
XãYênKhánh,2021,5524,1.41
XãYênPhong,2021,6243,1.32
XãYênNinh,2021,12350,1.77
XãYênLương,2021,6698,6.34
XãYênHồng,2021,5474,4.14
XãYênQuang,2021,4588,3.53
XãYênTiến,2021,12616,1.71
XãYênThắng,2021,11257,2.98
XãYênPhúc,2021,7533,2.18
XãYênCường,2021,9115,5.38
XãYênLộc,2021,8673,3.63
XãYênBằng,2021,9492,1.81
XãYênĐồng,2021,12266,2.08
XãYênKhang,2021,5766,5.17
XãYênNhân,2021,9377,4.53
XãYênTrị,2021,12106,2.67
ThịtrấnLiễuĐề,2021,7282,0.36
ThịtrấnRạngĐông,2021,9226,0.39
ThịtrấnQuỹNhất,2021,5702,3.12
XãNghĩaĐồng,2021,6285,0.95
XãNghĩaThịnh,2021,7707,1.52
XãNghĩaMinh,2021,4965,1.07
XãHoàngNam,2021,8016,1.22
XãNghĩaChâu,2021,7800,0.58
XãNghĩaThái,2021,8373,0.25
XãNghĩaTrung,2021,8812,0.52
XãNghĩaSơn,2021,15257,0.59
XãNghĩaLạc,2021,8742,0.15
XãNghĩaHồng,2021,8416,0.78
XãNghĩaPhong,2021,7168,0.66
XãNghĩaPhú,2021,7454,1.39
XãNghĩaTân,2021,5004,2.47
XãNghĩaBình,2021,4276,0.6
XãNghĩaThành,2021,5823,2.96
XãNghĩaLâm,2021,5940,1.72
XãNghĩaHùng,2021,6039,0.15
XãNghĩaHải,2021,12871,0.59
XãPhúcThắng,2021,8566,0.3
XãNghĩaLợi,2021,4667,2.85
XãNamĐiền,2021,6740,0.05
ThịtrấnNamGiang,2021,18296,1.45
XãNamMỹ,2021,6107,2.53
XãĐiềnXá,2021,12002,1.57
XãNghĩaAn,2021,10808,1.53
XãNamThắng,2021,7651,3.13
XãNamToàn,2021,4591,3.02
XãHồngQuang,2021,12366,2.79
XãTânThịnh,2021,10260,2.56
XãNamCường,2021,8715,1.97
XãNamHồng,2021,8907,3.7
XãNamHùng,2021,7320,4.44
XãNamHoa,2021,6125,2.4
XãNamDương,2021,9694,2.07
XãNamThanh,2021,10064,1.09
XãNamLợi,2021,8160,1.78
XãBìnhMinh,2021,9024,2.72
XãĐồngSơn,2021,10947,1.65
XãNamTiến,2021,10485,3.48
XãNamHải,2021,5001,3.35
XãNamThái,2021,9317,3.83
ThịtrấnXuânTrường,2021,8195,1.4
XãXuânChâu,2021,4992,0.48
XãXuânHồng,2021,15307,1.37
XãXuânThành,2021,5225,1.18
XãXuânThượng,2021,4725,1.19
XãXuânPhong,2021,7963,1.76
XãXuânĐài,2021,5950,1.07
XãXuânTân,2021,6560,1.14
XãXuânThuỷ,2021,4415,1.05
XãXuânNgọc,2021,7056,1.06
XãXuânBắc,2021,6525,0.55
XãXuânPhương,2021,5956,0.83
XãThọNghiệp,2021,10540,0.93
XãXuânPhú,2021,8850,0.77
XãXuânTrung,2021,7295,0.5
XãXuânVinh,2021,10140,0.3
XãXuânKiên,2021,8166,0.83
XãXuânTiến,2021,10658,1.08
XãXuânNinh,2021,13650,0.98
XãXuânHoà,2021,8150,1.38
ThịtrấnNgôĐồng,2021,6507,1.23
ThịtrấnQuấtLâm,2021,9018,1.25
XãGiaoHương,2021,5787,1.06
XãHồngThuận,2021,12711,0.62
XãGiaoThiện,2021,7904,1.15
XãGiaoThanh,2021,5546,1.71
XãHoànhSơn,2021,8127,2.01
XãBìnhHoà,2021,7238,1.36
XãGiaoTiến,2021,12147,1.07
XãGiaoHà,2021,7606,2.06
XãGiaoNhân,2021,7173,0.85
XãGiaoAn,2021,8789,1.63
XãGiaoLạc,2021,8626,1.48
XãGiaoChâu,2021,7302,2.11
XãGiaoTân,2021,5583,1.21
XãGiaoYến,2021,7773,0.8
XãGiaoXuân,2021,8396,0.94
XãGiaoThịnh,2021,9643,0.7
XãGiaoHải,2021,6263,1.34
XãBạchLong,2021,6563,0.57
XãGiaoLong,2021,6977,0.72
XãGiaoPhong,2021,6835,1.17
ThịtrấnYênĐịnh,2021,5859,1.69
ThịtrấnCồn,2021,6805,2.26
ThịtrấnThịnhLong,2021,13324,1.8
XãHảiNam,2021,7619,2.52
XãHảiTrung,2021,11159,1.01
XãHảiVân,2021,9379,1.59
XãHảiMinh,2021,17175,2.13
XãHảiAnh,2021,12939,1.01
XãHảiHưng,2021,9982,1.27
XãHảiBắc,2021,6189,2.83
XãHảiPhúc,2021,5811,0.71
XãHảiThanh,2021,6295,1.08
XãHảiHà,2021,5941,1.81
XãHảiLong,2021,7558,1.88
XãHảiPhương,2021,7527,1.38
XãHảiĐường,2021,11739,1.45
XãHảiLộc,2021,6070,2.18
XãHảiQuang,2021,6332,0.24
XãHảiĐông,2021,7394,0.25
XãHảiSơn,2021,7654,3.21
XãHảiTân,2021,6378,1.28
XãHảiPhong,2021,6576,0.65
XãHảiAn,2021,9488,1.25
XãHảiTây,2021,6273,3.72
XãHảiLý,2021,9801,5.17
XãHảiPhú,2021,8874,4.62
XãHảiGiang,2021,4839,2.97
XãHảiCường,2021,6212,5.44
XãHảiNinh,2021,6405,4.41
XãHảiChính,2021,5357,4.46
XãHảiXuân,2021,7486,5.69
XãHảiChâu,2021,6135,4.76
XãHảiTriều,2021,5250,0.48
XãHảiHoà,2021,8278,0.45
ThịtrấnCổLễ,2021,11558,5.42
ThịtrấnCátThành,2021,14604,2.22
ThịtrấnNinhCường,2021,8421,5.04
XãPhươngĐịnh,2021,14371,3.72
XãTrựcChính,2021,5010,0.87
XãTrungĐông,2021,15097,0.91
XãLiêmHải,2021,11286,5.17
XãTrựcTuấn,2021,5720,5.44
XãViệtHùng,2021,10415,5.69
XãTrựcĐạo,2021,7073,5.83
XãTrựcHưng,2021,4565,5.12
XãTrựcNội,2021,5002,4.64
XãTrựcThanh,2021,5072,4.2
XãTrựcKhang,2021,4255,0.73
XãTrựcThuận,2021,7006,1.38
XãTrựcMỹ,2021,4579,6.44
XãTrựcĐại,2021,12104,1.69
XãTrựcCường,2021,7645,3.57
XãTrựcThái,2021,7425,0.04
XãTrựcHùng,2021,9747,2.38
XãTrựcThắng,2021,7204,0.63
